DUB,Substrate,label,TransDSIwoSSN
Q93008,Q9ULT8,0,0.8144192695617676
O75604,A6NEM1,0,0.002939312718808651
Q9Y2K6,Q9HAW4,1,0.9635187387466431
Q13107,Q15771,0,0.16910232603549957
Q96RU2,Q93009,0,0.10004272311925888
Q93008,P23588,1,0.06251989305019379
P40818,Q92783,1,0.9822865128517151
Q14694,Q9Y5A9,0,0.681779682636261
Q96K76,Q13547,0,0.9419344067573547
O94966,Q6ISU1,0,0.03881778195500374
Q96FW1,Q8TDD1,0,0.005883327219635248
P40818,P04626,1,0.9992602467536926
P54578,Q96RU2,0,0.00781770795583725
Q93009,Q04206,1,0.9701671004295349
Q9Y6I4,P62807,1,0.9792740941047668
Q13107,P05026,0,0.9384329319000244
Q9Y5K5,P25963,1,0.9480745196342468
P15374,Q06609,1,0.0022579943761229515
Q6R6M4,Q9H7L9,1,0.4366188645362854
Q9UHP3,Q8N4S9,1,0.9111553430557251
P51784,Q9NR20,0,0.9544394016265869
P51784,O15270,0,0.0138969412073493
Q9P275,Q16778,1,0.9944745898246765
Q9UHP3,Q9UJV3,0,0.833444356918335
Q92560,Q01167,1,0.5784100890159607
Q13107,Q96HZ4,0,0.0001681870489846915
Q9UK80,P0C0S8,1,0.9956369996070862
Q9Y4E8,P84022,1,0.9488147497177124
P40818,P01130,1,0.9988749623298645
Q5D1E8,Q12933,1,0.9985222220420837
Q96FW1,P04083,0,0.07371123135089874
Q96FW1,P11142,0,0.04758930951356888
P51784,Q86YC2,1,0.8541837334632874
Q93009,P35226,1,0.9509437680244446
P62068,P61981,0,0.004659935366362333
Q9UPT9,Q16778,1,0.9883783459663391
Q92995,Q86WV6,1,0.9976479411125183
Q93009,P60484,1,0.9869416356086731
Q9UPT9,Q9H0X4,0,0.9295523166656494
Q9NQC7,P08238,0,0.00016872367996256799
Q93009,Q01860,1,0.09461898356676102
Q70EK9,P37275,1,0.2994152009487152
Q70EL3,Q9ULZ3,1,0.1592148393392563
P40818,Q9NSD9,0,0.27805131673812866
Q9Y4E8,Q14676,0,0.01581428572535515
P54252,O14757,1,0.995173990726471
Q6GQQ9,Q13114,1,0.2516189217567444
Q9Y4E8,P62877,1,0.8049808740615845
Q5VV17,P04637,1,0.7339304685592651
Q14694,P20226,1,0.9995230436325073
Q93009,Q68CJ9,0,0.34145307540893555
P54252,P07437,0,0.04841857776045799
Q96DC9,Q9Y468,1,0.13655570149421692
Q14694,O00743,0,0.0692598968744278
Q9UHP3,Q9Y4K3,1,0.9882181286811829
Q93009,P98177,1,0.7238770723342896
Q70CQ1,Q02790,1,0.4877427816390991
Q9NQC7,Q14669,1,0.7745000720024109
Q9Y4E8,O43541,1,0.6673216223716736
P54252,Q9BSU1,0,0.8474197387695312
O94782,P52294,0,0.5164158344268799
O94966,Q86TM6,1,0.9198101758956909
Q9UMW8,Q9BXL7,0,0.11042383313179016
Q9Y5K5,O00487,0,0.998625636100769
Q93009,Q9H4M7,0,0.003305702470242977
Q93009,P35222,1,0.9153326153755188
Q70CQ3,Q96MU7,0,0.023036958649754524
Q70CQ3,Q8IWA4,1,0.9245452284812927
P45974,Q9NS91,0,0.24524140357971191
Q92995,P01106,1,0.9908543825149536
Q92560,O60516,0,0.010598013177514076
Q9P275,Q6ZN17,0,0.06976839900016785
Q9Y4E8,Q14533,0,0.9301339983940125
Q93009,Q9HBZ2,0,0.05686332657933235
Q96FW1,O43681,0,0.9231820106506348
Q15040,O15524,1,1.634805630601477e-05
P40818,P42261,1,0.7933282256126404
Q9NQC7,Q9UM82,0,0.09061288088560104
Q9Y4E8,P55072,0,0.9457441568374634
O75604,P84022,0,0.9953937530517578
Q9NQC7,P06239,1,0.9974687099456787
P40818,P37088,1,0.9747672080993652
Q96RU2,Q96FW1,0,0.0009146280935965478
P40818,O15519,1,0.003851204877719283
Q13107,Q13107,1,0.0357196219265461
Q92995,O75030,1,0.9020136594772339
P54578,Q99436,0,0.007343761622905731
Q8TEY7,P40337,0,0.41795051097869873
Q92905,Q9NZQ7,1,0.015062127262353897
Q93009,P37231,1,0.07960711419582367
Q9H0E7,Q13428,0,0.9715794324874878
Q9UK80,P36507,1,0.00022103860101196915
Q6R6M4,Q01105,0,0.7025395035743713
P51784,P30260,0,0.20158465206623077
Q6GQQ9,P43403,1,0.01207265816628933
Q93008,P42566,1,0.964195191860199
Q92560,Q96CW5,1,0.0033663741778582335
Q14694,Q8N6T7,1,0.007389103062450886
Q9NQC7,P49116,1,0.977669894695282
Q9NQC7,Q96DR8,0,0.07689900696277618
Q93009,O75386,0,0.5989964008331299
P62068,Q16777,1,0.9963615536689758
Q93009,Q14669,1,0.6159836053848267
P40818,Q9UK80,0,0.007017219439148903
O94782,Q13835,0,0.953052818775177
P21580,Q9Y4K3,1,0.9532759189605713
Q9Y4E8,Q9Y4Z0,0,0.836462140083313
Q13107,P07602,0,0.002529446966946125
Q93008,P46821,0,0.8540389537811279
Q9P275,Q5T700,0,0.9088135361671448
P62068,Q99259,1,0.9899201393127441
Q70CQ2,O43463,0,0.9964073300361633
Q9UHP3,Q9P260,0,0.16266196966171265
Q14694,P23396,1,0.09350913763046265
Q93009,Q99569,0,0.9738461971282959
Q93008,Q9H992,1,0.9393208026885986
Q5VVQ6,P17661,1,0.0003842531004920602
Q93009,Q9UHB7,0,0.0853770449757576
Q9Y5E6,P19838,1,0.7343264818191528
O75317,Q09472,0,0.016111262142658234
Q93009,Q96EP1,1,0.01736300066113472
Q9Y4E8,P02768,0,0.0005916609661653638
O75604,P14555,0,0.01754625327885151
Q93008,Q9UGI8,0,0.19517956674098969
Q14694,Q8NC51,0,0.5455345511436462
Q93009,Q2YD98,1,0.5648252367973328
Q92560,P27348,1,0.013449249789118767
Q9UHP3,P19013,0,0.02326267398893833
P40818,O94979,1,0.7788528800010681
Q86UV5,Q13596,0,0.004710205364972353
Q9UMW8,Q7LBC6,0,0.5569033026695251
P12956,Q07820,1,0.02810019813477993
Q9P2H5,Q9UM11,0,0.4855957329273224
Q8TEY7,Q9Y6N7,1,0.3041246831417084
Q8TEY7,P32121,1,0.8772764801979065
Q9HBJ7,P37275,0,0.08979996293783188
P51784,P04350,0,0.006147751118987799
Q93009,Q8N6T7,0,0.0007464421214535832
Q9UHP3,Q96DA0,0,0.22479113936424255
Q9UMW8,Q9Y6K9,1,0.9925843477249146
Q0WX57,P51449,1,0.9944798946380615
Q96FW1,O95831,0,0.0027913141530007124
O00487,Q01860,1,0.4806923270225525
P51784,P37231,0,0.2204347401857376
Q70CQ1,P28360,0,0.09594780206680298
Q9Y2K6,P07550,1,0.09083731472492218
Q5D1E8,Q9Y297,0,0.00020459525694604963
Q9Y2K6,P58304,0,0.04685332626104355
Q92995,Q07820,1,0.9510113596916199
Q9UK80,Q8WUY9,0,0.1950795203447342
Q93009,Q99496,1,0.9988232254981995
Q9Y2K6,Q96RU7,0,0.9776902794837952
O75317,P10275,1,0.7572160959243774
Q14694,Q5JVS0,0,0.01639818586409092
Q93009,Q12778,1,0.9853745698928833
Q9H0E7,Q13257,1,0.6088196635246277
Q9NQC7,Q13557,0,0.01917220465838909
Q93008,Q7L5N1,0,0.5081309676170349
Q96FW1,P61088,1,0.01329199317842722
Q93009,Q16665,1,0.9797363877296448
Q9HBJ7,Q16777,1,0.7965517640113831
O75604,Q96EB6,1,0.9309470057487488
Q93008,Q92667,0,0.0513114370405674
Q13107,Q08999,1,0.8077463507652283
P51784,P98170,1,0.9965066313743591
Q93008,P60842,1,0.29282739758491516
Q13107,P99999,0,0.009396402165293694
Q93009,Q01831,1,0.9848034381866455
P54578,Q14457,1,0.9293086528778076
Q9Y6I4,P04637,1,0.9871024489402771
P40818,P08581,1,0.9284763932228088
Q93009,Q8IYW5,1,0.6463139057159424
Q9Y4E8,P08238,0,0.0011099798139184713
Q6R6M4,O43623,1,0.8583807349205017
P54578,Q86WI3,1,0.995594322681427
Q93009,P26358,1,0.045089662075042725
Q6GQQ9,Q13546,1,0.3490930497646332
Q9UPT9,Q96GX2,0,0.7395614981651306
Q70CQ2,Q9Y2T1,1,0.9929015040397644
O75604,O15534,1,0.8392707109451294
Q14694,O00308,0,0.23089498281478882
Q9NQC7,Q13546,1,0.8389223217964172
Q70EL3,P12956,1,0.8884479999542236
Q93009,Q86VY4,0,0.5152729153633118
O75604,Q03431,1,0.8612603545188904
Q9NQC7,O43353,1,0.6021907925605774
Q5VVJ2,Q9BQA1,0,0.8149646520614624
Q9UPT9,Q9ULK2,0,0.8160221576690674
Q96RU2,Q969H0,1,0.8952340483665466
O94782,Q02535,1,0.9413682818412781
O00487,Q96JH8,0,0.9928060173988342
Q9UK80,Q13546,1,0.9235153794288635
P40818,Q969Q1,0,0.0004254570812918246
Q9NQC7,Q09028,0,0.18138347566127777
Q9UPT9,P62807,1,0.985732913017273
O75604,O15151,1,0.11479584127664566
Q96BN8,Q15717,0,0.01447934377938509
Q93009,Q5VWX1,0,0.6986409425735474
P15374,O15315,1,0.008272400125861168
Q92995,Q14694,1,0.992397129535675
Q96FW1,Q15843,0,0.015280768275260925
Q92560,P38398,1,0.7787654995918274
Q96FW1,P04637,1,0.9969114661216736
P51784,O14920,1,0.14164814352989197
Q93009,P06241,0,0.1365819275379181
Q9Y5T5,P0C0S8,1,0.9944387674331665
Q70CQ2,Q96PL5,0,0.9996447563171387
Q93008,A5PKW4,1,0.4447096884250641
Q9BXU7,P10275,1,0.500350296497345
P54252,P78344,1,0.02143166959285736
P51784,Q9HC52,0,0.003045380115509033
P51784,P48059,0,0.9989388585090637
Q93008,Q9NWZ8,0,0.8746041059494019
Q13107,Q9NXH9,0,0.012059533037245274
Q9Y4E8,Q15797,1,0.9995005130767822
Q93009,Q13127,1,0.886978030204773
P40818,Q9H3D4,0,0.9298368692398071
Q93008,Q96L34,1,0.9826413989067078
P45974,P04637,1,0.9778733253479004
Q93009,Q14527,1,0.2175411581993103
Q93008,Q12986,0,0.6451671719551086
P40818,Q96J02,1,0.7899061441421509
P51784,Q96S59,1,0.3495357930660248
Q9Y5T5,Q16777,1,0.9953176975250244
Q93009,P54253,0,0.9926347136497498
Q6R6M4,P83916,0,0.005169295240193605
Q9NQC7,P78352,1,0.014053844846785069
O75604,Q13546,1,0.9807822704315186
Q9Y4E8,O95786,1,0.995849609375
Q9BXU7,P0C0S8,1,0.7527982592582703
P21580,Q99683,1,0.9203271269798279
P51784,P78406,1,0.5090323090553284
Q93009,Q00987,1,0.9976627826690674
Q93009,O15151,1,0.014421979896724224
O75604,Q12933,1,0.9996569156646729
Q70CQ2,Q86UW9,0,0.991315484046936
Q93008,Q9ULW3,0,0.03644482418894768
Q92905,P47710,0,0.9842086434364319
Q96RU2,Q96RU2,0,0.0071138497442007065
Q9UPT9,Q96S21,0,0.09263279289007187
Q86UV5,P04908,1,0.9545978903770447
P51784,P51587,1,0.9909952282905579
P51784,Q99496,0,0.9991937279701233
Q14694,Q14457,1,0.947818398475647
P46736,Q63HR2,0,0.16273225843906403
Q13107,Q9P0M2,0,0.0008307559764944017
Q93009,Q8IX18,0,0.024269066751003265
P46736,Q6IN85,0,0.2496252954006195
Q96DX7,Q9BXX2,0,0.9289194345474243
Q14694,P27708,0,0.11760743707418442
Q9NQC7,Q13490,0,0.9747917056083679
Q13107,Q15287,1,0.9954363703727722
P21580,P41240,0,0.18565160036087036
O94782,Q02363,1,0.07089248299598694
Q14694,P62807,1,0.9960228204727173
Q9Y5K5,P35228,1,0.2032572329044342
Q9NQC7,P63104,0,0.06333591043949127
Q96G74,O00463,1,0.9843820929527283
Q13107,Q15306,1,0.9595579504966736
Q70CQ3,Q96E52,0,0.9869377613067627
Q9UMW8,P05161,1,0.0026386494282633066
Q9UHP3,P50991,1,0.10460790991783142
Q9Y2K6,Q5T9A4,0,0.09895863384008408
P46736,P0C0S8,1,0.9994412064552307
Q93008,Q14166,0,0.010192444548010826
Q96K76,O14867,0,0.45049160718917847
Q93009,Q9Y6K9,1,0.9729238748550415
Q86T82,Q9C005,0,0.4262542128562927
P54578,Q13309,0,0.014846188947558403
Q9Y5K5,Q9UMS4,1,0.13584527373313904
O75317,Q9NZR4,0,0.043407339602708817
Q93009,Q8N9E0,0,0.9985295534133911
Q93009,Q9NZD8,0,0.4548277258872986
Q6R6M4,P30307,0,0.2836674153804779
Q93009,Q9NRC8,1,0.05494214594364166
P21580,P19838,1,0.9820591807365417
Q9Y2K6,Q86WV6,1,0.996705949306488
P51784,P38936,1,0.39314574003219604
O75604,O14965,1,0.09196379035711288
Q9Y4E8,Q13546,0,0.9822047352790833
Q13107,Q8TAY7,0,0.013996800407767296
Q96FW1,P61077,0,0.7477040886878967
Q93009,Q92993,1,0.9587398171424866
Q8TEY7,Q13228,0,0.5530684590339661
Q96K76,O95863,1,0.11018003523349762
Q9Y4E8,P21796,1,0.9105740785598755
Q9Y6I4,P21589,0,0.003803111845627427
Q9NQC7,Q9Y520,0,0.1027737483382225
Q93009,P12004,1,0.03871200978755951
Q0WX57,Q92963,0,0.002633592113852501
Q13107,P15884,1,0.947943925857544
Q93008,P84022,0,0.27517786622047424
Q13107,Q6ZMZ0,0,0.0012469597859308124
Q96FW1,P84022,1,0.43275806307792664
Q9UK80,Q9Y2K6,0,0.027676453813910484
Q92560,Q16777,1,0.9784008264541626
P40818,Q9NR09,1,0.8003581166267395
Q93009,P10276,1,0.999042809009552
O94966,O60337,1,0.3853209912776947
Q9Y6I4,Q9NZJ4,0,0.02872553840279579
Q9UK80,Q9UIF9,1,0.009070068597793579
Q9UK80,Q9BZS1,1,0.9540241956710815
Q93009,P42167,0,0.6479536890983582
Q96DC9,Q14258,0,0.9977587461471558
Q93008,P46937,1,0.9558654427528381
Q9UHP3,O00463,1,0.9865835309028625
Q53GS9,O95400,0,0.11848857253789902
Q13107,P04637,1,0.9972358345985413
Q70CQ3,Q8N594,0,0.07171572744846344
P54578,Q9Y281,0,8.806435653241351e-05
Q9HBJ7,O15194,0,0.5411249399185181
Q0WX57,Q92769,1,0.06777968257665634
P46736,O75971,0,0.8786504864692688
Q96K76,Q9UGP5,1,0.14201322197914124
P54252,Q14457,1,0.9973399043083191
Q9UK80,Q14680,0,0.9764193296432495
P35125,Q99750,0,0.999943733215332
Q9NQC7,O60568,0,0.8383376002311707
Q9Y2K6,Q9BY84,0,0.9467526078224182
Q93008,Q9UHI6,0,0.9216971397399902
Q92905,O43623,1,0.9882881045341492
Q96K76,P06746,1,0.02996416948735714
Q9UHP3,P05067,1,0.8494732975959778
Q9BXU7,O15105,1,0.998245358467102
Q5VVJ2,P02545,0,0.11228159070014954
Q92995,Q14457,1,0.9954026937484741
Q93009,Q9UER7,1,0.7737546563148499
Q86T82,Q05516,1,0.18708524107933044
Q13107,Q4G0J3,0,0.9649426341056824
Q0WX57,O95760,1,0.01288601290434599
Q92560,Q9P0N8,0,0.2671681344509125
Q8TEY7,Q96AG4,0,0.2763168513774872
Q96RU2,O96017,1,0.005456709768623114
Q9Y5K5,P62805,0,0.028973747044801712
Q9NQC7,P04629,1,0.35188359022140503
Q92560,P21912,0,0.0011398645583540201
Q9UK80,O14503,0,0.9607802629470825
A6NNY8,O43521,1,0.16497766971588135
P40818,P04629,1,0.7239667177200317
Q96RU2,Q9HCX3,1,0.00035039251088164747
Q93008,Q09472,0,0.00572454696521163
Q9Y4E8,P25963,1,0.9191819429397583
Q9Y4E8,Q16778,1,0.9919231534004211
Q5D1E8,Q13155,0,0.0007780478335916996
Q93008,Q9UBV8,0,0.269334077835083
Q93009,O43175,0,0.0022923313081264496
Q92560,P0CG48,0,0.006028725765645504
Q93008,P28070,0,0.20600958168506622
Q9BXU7,P42771,0,0.23307476937770844
Q96BN8,Q9Y6K9,1,0.9954452514648438
Q9Y4E8,P62280,0,0.007074140943586826
Q96JH7,P29034,0,0.9958206415176392
P40818,Q8NEM0,1,0.9071044325828552
P54252,Q07812,1,0.9159517884254456
Q93008,Q13489,0,0.8171729445457458
Q8TEY7,P07550,1,0.6477774381637573
Q93008,Q9H814,0,0.9367656707763672
P51784,P13010,0,0.8900710344314575
Q93009,Q9UPP1,1,0.25589457154273987
Q9Y4E8,Q13501,1,0.005901499651372433
Q9Y4E8,P62807,1,0.9897935390472412
Q14694,Q9Y4P1,0,0.03519318252801895
Q14694,Q9Y6K9,1,0.995509147644043
P21580,P23378,0,0.683896541595459
Q9Y5K5,P63220,0,0.15943334996700287
Q93008,Q9UM11,0,0.3488123118877411
Q13107,O14920,0,0.9954426288604736
Q93008,O95999,1,0.05087262764573097
O94966,Q13114,1,0.9444171786308289
Q53GS9,Q96GD4,1,0.9877564907073975
Q9Y5K5,Q99835,1,0.8592944145202637
Q96RU2,Q9HAW4,1,0.9836010336875916
Q9UK80,P61981,0,0.21092577278614044
Q9Y2K6,Q9Y4K3,1,0.9874429106712341
Q6GQQ9,Q99558,0,0.8864604234695435
Q93009,P14618,0,0.5664729475975037
Q5VVQ6,Q92890,0,0.5720337629318237
Q9Y4E8,O95140,1,0.07627198100090027
Q96RU2,P15907,0,0.5274542570114136
A6NNY8,Q14469,1,0.4734692871570587
Q93008,P20700,0,0.11209817975759506
P54252,P17987,0,0.0017276288708671927
P51784,O43166,0,0.2910160422325134
P21580,Q14457,1,0.9825129508972168
Q96DC9,P32246,0,0.9776633977890015
Q504Q3,Q9Y294,1,0.013510732911527157
P21580,Q15628,0,0.03846251592040062
O75604,Q8HWS3,0,0.9884201288223267
Q5VVQ6,Q96D03,0,0.9993182420730591
Q9P2H5,Q8NFZ5,1,1.5462212104466744e-05
Q9NQC7,P46459,0,0.1313365250825882
Q9Y5K5,P36897,1,0.9986127614974976
Q9UMW8,Q9BYV2,0,0.0006154003203846514
Q93009,Q13546,1,0.9768447279930115
P45974,Q08050,1,0.9653880596160889
Q70CQ3,O95140,1,0.2521514892578125
P40818,P51168,0,0.9724112749099731
Q70EK9,Q9Y5K6,0,0.0017409836873412132
Q96K76,Q9H668,0,0.01235189475119114
Q6GQQ9,Q8NFZ5,0,9.662179536462645e-07
Q9Y5T5,Q9Y5T5,0,0.16111861169338226
Q9P2H5,Q86WV6,0,0.9985053539276123
Q9UK80,O95760,1,0.5867756605148315
Q5D1E8,P0CG48,0,0.007300261873751879
P09936,Q16620,1,0.9979331493377686
P40818,P17302,1,0.08642475306987762
A6NNY8,Q96J02,0,0.9987955093383789
P21580,Q13158,0,0.06120627000927925
Q70EL3,Q9NQ29,0,0.6187082529067993
P54252,P04637,1,0.9996515512466431
Q93009,P10275,1,0.8615333437919617
Q86UV5,O75367,0,0.9838114380836487
Q13107,P51784,0,0.027707763016223907
Q14694,P13569,1,0.8577793836593628
Q96DC9,Q13625,0,0.9823130965232849
Q9Y2K6,Q16665,1,0.9987646341323853
Q14694,Q96HY6,0,0.07661480456590652
Q96DX7,Q9Y577,1,0.3797568380832672
Q14694,P04637,1,0.9974563717842102
Q9Y5T5,Q8WVF1,0,0.5237497687339783
Q9Y4E8,O60256,0,0.009217409417033195
Q96G74,P24928,0,0.13761712610721588
O75604,Q9UBB9,0,0.02458282746374607
Q6R6M4,Q92769,0,0.26312798261642456
Q93008,P11308,1,0.9380895495414734
Q9Y6I4,P01106,0,0.9995837807655334
Q5VVQ6,Q15717,0,0.044815853238105774
P62068,O60346,1,0.9998482465744019
Q93008,Q99683,1,0.999157190322876
Q93009,Q16254,0,0.9987286925315857
Q6R6M4,O95760,0,0.22431427240371704
Q9Y4E8,Q9UKN8,0,0.16031351685523987
Q13107,P06400,1,0.9994664788246155
P46736,O95271,1,0.9677202105522156
P40818,P55085,1,0.9338099360466003
Q93008,Q9C0B0,0,0.8772582411766052
P54578,O14920,1,0.9656004905700684
Q96FW1,Q15796,1,0.10605945438146591
O94966,Q92828,1,0.9294637441635132
Q9NQC7,Q13618,0,0.7796096205711365
Q9UPT9,P49848,0,0.003887259867042303
Q9NQC7,P53350,1,0.10975004732608795
Q9UMW8,Q15750,1,0.07843133062124252
Q9Y2K6,P29371,0,0.9988848567008972
Q9UMW8,Q9HCE1,0,0.007315333001315594
Q9UPT9,Q16777,1,0.992124617099762
P54252,O15379,1,0.9535587430000305
Q6R6M4,Q92819,1,0.8087025284767151
P54578,O14641,1,0.9997908473014832
Q9Y5K5,P58107,0,0.006301473826169968
Q5VVQ6,P55072,1,0.9780693054199219
Q86T82,Q12834,0,0.8126702904701233
P15374,P30837,0,0.001779206795617938
Q9Y5E6,Q13433,0,0.9957326054573059
Q9H0E7,Q16778,1,0.9972283244132996
Q6R6M4,P11802,0,0.01228948961943388
Q86T82,P78396,1,0.023939985781908035
Q9Y6I4,P16104,1,0.9902966618537903
Q9NQC7,P02538,0,0.056872621178627014
Q0WX57,Q9Y256,1,0.9816338419914246
Q13107,O43395,1,0.05614698678255081
Q9UPT9,O43169,0,0.987790584564209
Q9BXU7,O43663,1,0.9630172252655029
Q14694,Q03518,1,0.5514874458312988
Q13107,P61421,0,0.1144319400191307
Q13107,P59942,0,0.013628659769892693
Q92560,Q13435,0,0.18155191838741302
Q93008,Q5T4S7,0,0.9033248424530029
Q9NQC7,P20749,1,0.7838033437728882
Q9UPU5,P49407,0,0.10745091736316681
Q93009,O00463,0,0.9819574356079102
Q9UPT9,P48431,1,0.9510948657989502
Q93009,Q92963,0,0.08574850112199783
Q70CQ3,O95831,0,0.11731594055891037
Q9NQC7,Q9NZN5,1,0.9561460614204407
P54578,Q7Z406,0,0.00031620741356164217
O00487,O95863,1,0.8106362819671631
Q9P275,Q9Y570,1,0.03816552832722664
Q9UK80,Q9H9S0,1,0.8732818365097046
P35125,Q14CW9,0,0.9968830943107605
Q93008,Q15154,1,0.9685898423194885
P54578,Q9BR76,0,0.05460434779524803
Q93009,P52294,0,0.10353325307369232
Q9H9J4,P14780,1,0.8896798491477966
Q70CQ3,Q8IXI2,1,0.08153598755598068
Q96G74,P04637,1,0.9985734224319458
P45974,P12004,0,0.12247087061405182
P40818,O15554,1,0.12124845385551453
O95630,P17302,1,0.016897089779376984
Q6R6M4,P0CG48,0,0.005100849084556103
Q92995,P54277,0,0.9717789888381958
O75604,Q96MT8,0,0.011430875398218632
Q9Y4E8,Q2NL82,0,0.03899318352341652
Q96RU2,O75409,0,0.0013668576721102
Q9Y2K6,Q3KQU3,0,0.2260623574256897
Q5VVJ2,P0C0S8,1,0.029898904263973236
Q9UPT9,Q14469,1,0.16623589396476746
O94782,P27482,0,0.4908958077430725
Q9H3M9,Q969Q1,0,0.03490370512008667
Q93009,P49750,0,0.025231117382645607
Q13107,P62195,0,0.960211455821991
Q93009,P04198,1,0.3582266867160797
Q86T82,P01106,1,0.9980714917182922
Q14694,P61964,0,0.7372753024101257
O94966,Q92769,1,0.8667123317718506
P51784,Q92499,0,0.9120665192604065
P21580,Q9UK99,0,0.5823644399642944
Q6R6M4,O95786,1,0.9792313575744629
Q93008,P04637,1,0.7550995945930481
Q9UHP3,P63279,0,0.8886134028434753
O00507,Q13485,1,0.36803051829338074
Q9NQC7,O95786,1,0.9969074130058289
Q86UV5,Q6FI13,1,0.9302693605422974
Q92560,P51610,1,0.8779163360595703
Q9UPT9,P0C0S8,1,0.97864830493927
Q9UPT9,P35226,1,0.8101835250854492
Q13107,P51449,1,0.9956575632095337
Q9Y4E8,Q9HAU4,1,0.009041103534400463
Q9Y2K6,O15049,0,0.038086891174316406
P54252,P35580,0,0.05665680766105652
P51784,Q9H0Y0,0,0.019824638962745667
Q9UPU5,Q9NWS0,0,0.4719950258731842
Q86T82,P30260,0,0.537168562412262
O95630,Q15796,0,0.9089735746383667
Q8NB14,Q9UHD2,1,0.05544964596629143
P54252,Q92934,1,0.9515410661697388
Q93008,Q86YT6,1,0.03330202028155327
Q14694,P42771,1,0.2645392119884491
Q9P275,O95602,1,0.7520543336868286
Q70EL3,P30291,1,0.009317188523709774
Q70EL2,Q8N5C6,0,0.9921280145645142
Q93009,Q53GI3,0,0.24557657539844513
Q14694,O15084,0,0.7020434737205505
Q93009,P54252,0,0.4866598844528198
Q5D1E8,Q9BYV6,0,0.02144022285938263
Q14694,Q7Z2W7,0,0.0008717950549907982
Q93008,P42345,1,0.0011605069739744067
Q96K76,Q06330,0,0.03343350812792778
Q93008,Q8IYB3,0,0.4416826367378235
P51784,P61956,0,0.04560999572277069
Q9Y5K5,P35527,0,0.10392562299966812
Q96G74,O95071,1,0.07627950608730316
Q96FW1,P10636,1,0.4654255211353302
Q9P275,Q9BYG3,0,0.8170063495635986
Q93009,O14773,1,0.6690770983695984
P15374,Q15797,1,0.9911545515060425
Q13107,Q02556,1,0.999639630317688
P09936,Q9GZV3,1,0.9978893399238586
Q93008,P43403,1,0.08160816133022308
Q9Y4E8,Q9NRL3,0,0.07293441146612167
Q9NQC7,P39019,0,0.2743532955646515
Q93008,P37840,1,0.4170290529727936
Q9NQC7,Q9UHD2,1,0.8314219117164612
P40818,Q9NZQ7,0,0.047975391149520874
O75317,Q9BQQ3,0,0.19168610870838165
Q9UPT9,P14635,1,0.0570942647755146
O75604,Q9UBU9,0,0.024764521047472954
Q5T2D3,Q13045,0,0.144295334815979
Q5VV17,Q13546,0,0.7365745902061462
Q9NQC7,Q9Y4K3,1,0.891535222530365
Q93009,Q9Y4H2,1,0.02709309756755829
Q6GQQ9,Q7L775,0,0.9936029314994812
Q86T82,P40305,1,0.9583458304405212
Q6R6M4,Q00534,0,0.19610482454299927
Q96FW1,P30566,0,0.6167329549789429
O94782,O60346,1,0.9967089891433716
Q93008,Q96EK5,0,0.037676796317100525
Q9UPT9,Q86WV6,1,0.8872449398040771
O75604,P51168,1,0.02393234334886074
Q93008,Q07820,1,0.5307452082633972
P21580,P63104,0,0.3197356164455414
Q93008,P61247,0,0.02950746938586235
Q93009,P29590,1,0.9339199066162109
Q93008,O00327,1,0.7509669065475464
Q96G74,Q12933,1,0.9885004758834839
O94966,Q0VGL1,0,0.004476037807762623
P51784,Q6ZQN5,0,0.9735469222068787
P45974,Q9NZQ7,0,0.03941970691084862
P54252,P11441,0,0.2289000004529953
Q92905,Q16584,0,0.01174588967114687
Q8TEY7,Q92813,1,0.9047244787216187
Q9NQC7,Q9H936,0,0.996543824672699
P51784,O15111,1,0.9639920592308044
Q9Y4E8,P25054,1,0.26278430223464966
Q70CQ1,P62807,1,0.9942575693130493
Q9UPT9,Q8NBE8,0,0.023805169388651848
O00487,P04626,1,0.9964891672134399
P46736,Q9UII4,0,0.9976392984390259
Q6R6M4,P30304,1,0.9580281972885132
Q9Y4E8,Q15796,1,0.9272911548614502
P21580,Q9Y4X5,0,0.5966318249702454
Q93008,Q9HCE7,1,0.060834258794784546
Q9Y2K6,P11310,0,0.009021992795169353
P54252,O60260,1,0.9526391625404358
Q9Y4E8,P46781,0,0.32663494348526
P62068,Q16778,1,0.9555704593658447
Q96RU2,Q92560,0,0.04255793243646622
P40818,Q01628,0,0.25693264603614807
Q5VVJ2,Q16777,1,0.03348149359226227
Q96FW1,Q13490,1,0.1472807675600052
Q13107,P35222,1,0.9853466749191284
P21580,Q12933,1,0.7658722400665283
Q86T82,P20248,1,0.38420820236206055
Q9NQC7,Q12933,1,0.7671749591827393
Q9UPT9,O75478,0,0.7810568809509277
Q93008,O15054,0,0.02227766625583172
P09936,P08238,0,0.0005858576041646302
O75317,P62993,0,0.003437166102230549
Q13107,Q13485,1,0.5791497826576233
Q13107,Q8IZD4,0,0.7747715711593628
Q9NQC7,O43318,1,0.98438960313797
Q13107,Q6NVV7,0,0.032067831605672836
Q0WX57,Q9H7L9,1,0.944525957107544
Q13107,O95786,1,0.9902357459068298
Q9UHP3,Q13829,0,0.008940979838371277
O75604,Q00653,0,0.6128813624382019
Q96DC9,Q13114,1,0.6128032803535461
Q14694,Q9Y230,0,0.1473383903503418
Q9UPT9,P61981,0,0.01400076225399971
Q93009,Q9H568,0,0.024350063875317574
Q93008,P61960,0,0.5074449777603149
Q8TEY7,O43303,1,0.06700552999973297
Q13107,Q9NYP9,0,0.26432153582572937
Q9Y6I4,P0C0S8,1,0.9753143191337585
Q13107,P31947,0,0.02137068286538124
O94966,O14593,0,0.013628453947603703
O00487,Q8NBP7,0,0.012909652665257454
Q9Y6I4,P49327,0,0.7817526459693909
Q9UMW8,P49116,1,0.985760509967804
Q9Y4E8,P28070,0,0.6553675532341003
Q93009,Q9UM11,0,0.015070575289428234
Q93008,Q96B67,0,0.008801128715276718
O75317,P0C0S8,1,0.9604091048240662
Q93009,P14373,1,0.9986409544944763
Q92995,Q92890,0,0.014467025175690651
Q0WX57,P01116,0,0.42527055740356445
Q13107,P28749,1,0.2631263732910156
Q93009,Q6PIJ6,0,0.014734655618667603
Q86T82,P0C0S8,1,0.9993608593940735
P45974,Q86WV6,1,0.6039122343063354
O75604,Q16526,1,0.3896178603172302
Q93009,P62807,1,0.9160507917404175
O94966,P27695,0,0.07738412916660309
Q9NQC7,O14640,1,0.2147400677204132
O94966,Q9H0D6,0,0.10440730303525925
P21580,Q16625,1,0.9937387704849243
Q93009,P04629,0,0.4264906048774719
P09936,Q16665,1,0.9479061365127563
Q9BXU7,Q00987,1,0.9730534553527832
P51784,Q14135,1,0.4259866774082184
P40818,P00533,1,0.9457810521125793
P45974,Q86U42,0,0.0012713070027530193
Q93009,Q96PK6,0,0.9792559146881104
Q86UV5,Q12933,1,0.4103155732154846
Q13107,Q9UK80,0,0.019132956862449646
Q96FW1,Q9H0F6,0,0.7322577238082886
Q9UHP3,O95271,1,0.9960948824882507
Q9Y6I4,Q16777,1,0.9757235050201416
P21580,Q9BVS4,0,0.3434879183769226
Q13107,P18754,0,0.323682963848114
Q9Y4E8,Q92560,0,0.05898897722363472
Q93009,P31947,0,0.11099056154489517
O75604,P24385,1,0.08710020035505295
P21580,P04637,1,0.9928072690963745
Q9Y2K6,Q16659,1,0.8129559755325317
P51784,Q01831,1,0.8604527711868286
Q14694,P60484,1,0.9121259450912476
Q92905,P43354,0,0.9620636105537415
Q6R6M4,P35222,0,0.971310019493103
Q9Y6I4,Q9H9S0,1,0.6414181590080261
Q9NQC7,P36897,1,0.9841167330741882
Q96G74,P54652,0,0.0678715631365776
Q14694,P54646,1,0.4997520446777344
Q93008,P14921,1,0.9560195803642273
Q86T82,P35244,0,0.9869330525398254
Q13107,P62312,0,0.009492695331573486
Q96FW1,Q00325,0,0.5171208381652832
Q93009,Q9NRI5,0,0.007497437298297882
Q5T2D3,P60484,1,0.9954668283462524
Q92995,P11441,1,0.048710986971855164
Q9Y4E8,Q14145,1,0.8499932289123535
Q9UPU5,Q92466,1,0.7524572610855103
P51784,Q9Y463,0,0.9811825156211853
Q13107,Q9Y4K3,1,0.5529277920722961
Q70EK9,P04908,0,0.996631920337677
P51784,O43663,1,0.9836409687995911
Q93009,P19838,1,0.9844659566879272
Q86T82,P78347,0,0.9986735582351685
Q93008,P35222,1,0.7275248765945435
Q93009,Q96T88,1,0.558914303779602
Q96RU2,P63167,0,0.47232282161712646
Q9P2H5,Q8NB14,0,0.03061816096305847
Q96G74,P28799,0,0.9946284890174866
Q9P275,Q8NG27,0,0.02708374708890915
Q13107,Q92769,1,0.2996160089969635
Q92560,O15294,1,0.6548898816108704
Q93009,Q16526,1,0.8545498847961426
O94966,Q14457,1,0.6699436902999878
P40818,P01116,0,0.02939562313258648
P21580,Q58EX2,0,0.06544600427150726
P40818,Q8TCQ1,0,0.0054782978259027
O75317,Q16777,1,0.9627199172973633
P40818,Q15257,0,0.13257244229316711
O94966,Q13489,1,0.6342249512672424
Q9NQC7,Q9NPH5,1,0.8769950270652771
Q93009,Q13616,0,0.007877176627516747
P40818,P42226,0,0.06235077232122421
Q93009,Q96RK0,0,0.39973869919776917
P40818,O60260,1,0.7393826842308044
Q9Y4E8,Q14258,1,0.27053239941596985
Q8TEY7,Q99814,0,0.9300932884216309
Q93009,Q8IXJ9,1,0.5742701292037964
O75604,P19438,0,0.8002287149429321
Q9UHP3,Q13114,1,0.9600077271461487
Q9H0E7,P41208,0,0.06757240742444992
Q96RU2,P10275,0,0.9982128143310547
P40818,Q16665,1,0.9101624488830566
Q70CQ3,Q15388,1,0.018128667026758194
Q92560,P0C0S8,1,0.9598731398582458
Q92905,O95863,1,0.8228685855865479
Q14694,Q9Y4K3,1,0.696559488773346
P54578,Q96GD4,1,0.9447610378265381
Q9UK80,Q16777,1,0.9980497360229492
Q9UPT9,A6NNY8,0,0.02173561044037342
P21580,Q13546,1,0.8264449238777161
O75604,Q9UK80,0,0.07417388260364532
Q9NQC7,P08727,0,0.028956390917301178
Q96DC9,Q9Y4K3,1,0.5773652791976929
Q9NQC7,Q14152,0,0.033812571316957474
Q9UPT9,P09467,1,0.19255214929580688
P15374,Q3KRB8,0,0.18176120519638062
O75317,P62807,1,0.8851920366287231
Q93008,Q9NRM7,1,0.002723951358348131
Q93009,O43684,1,0.9349876046180725
Q9Y4E8,Q7Z569,1,0.9819473028182983
Q96FW1,P27694,1,0.27142632007598877
Q13107,Q9NQB0,0,0.06984047591686249
Q9Y4E8,Q13127,1,0.9871483445167542
Q93009,Q49AN0,1,0.7368559241294861
Q8TEY7,Q96F46,0,0.9982214570045471
Q9Y4E8,Q15020,1,0.0028100034687668085
Q14694,O95863,0,0.9749881625175476
Q9Y4E8,Q14525,0,0.46614518761634827
P54578,Q13813,0,8.971731585916132e-05
Q6R6M4,O95863,1,0.7207856178283691
O94966,Q15393,0,0.9875361323356628
Q92560,P26367,0,0.9271807074546814
P40818,Q15717,0,0.0001231810892932117
Q96RU2,Q12888,1,0.9752091765403748
Q93009,P30153,0,0.03726091608405113
P40818,P21860,1,0.998869001865387
Q9Y4E8,Q8WWY3,1,0.04644869267940521
Q9UPT9,P01106,1,0.7186733484268188
P09936,O75460,0,0.0009703161776997149
Q13107,P36897,1,0.8619468212127686
P54252,Q71U36,0,8.831748709781095e-05
P54578,Q9UBS5,1,0.9933291673660278
Q8NB14,A6NHT5,0,0.9629753232002258
A6NNY8,Q86TJ2,0,0.6532774567604065
Q92995,Q9BYV6,0,0.0354120098054409
Q70CQ1,P08709,0,0.9340232014656067
P40818,Q14493,0,0.011327208019793034
Q96RU2,O14965,0,0.885715901851654
Q9H0E7,O15182,0,0.015890002250671387
Q9UHP3,P04234,1,0.049861036241054535
O95630,P11498,0,0.18298014998435974
Q93008,Q9NYV9,1,0.8655156493186951
P40818,Q9H4P4,1,0.925894021987915
Q93009,O14965,1,0.6412398219108582
O75604,P08253,1,0.9350007772445679
O94966,P19474,0,0.9643434882164001
Q9UPT9,Q12962,0,0.10979776084423065
Q9Y4E8,O60496,0,0.025809478014707565
P54252,Q9UNE7,1,0.0012097671860828996
O75604,Q9Y3B9,0,0.8517074584960938
Q92560,Q8NB78,0,0.011029459536075592
Q93009,Q8NG27,0,0.029176218435168266
Q9Y6I4,O14757,1,0.6300561428070068
Q93009,O43463,0,0.042422689497470856
Q9UK80,Q8IUH3,0,0.057512685656547546
Q93009,Q9H992,1,0.8882752656936646
Q8TEY7,O75694,0,0.04853023961186409
Q14694,P0C0S5,1,0.21787215769290924
Q93009,Q07866,0,0.9081166982650757
O94966,Q15773,0,0.023103777319192886
Q9Y4E8,O75150,0,0.007912575267255306
O95630,P55085,1,0.9809736609458923
Q0WX57,P09936,0,0.036302708089351654
Q5D1E8,O43474,1,0.9808837175369263
Q96FW1,O95863,1,0.9112817049026489
O94782,P20930,0,0.9999973773956299
Q96RU2,O60341,1,0.9181890487670898
Q5D1E8,Q13546,1,0.8231797218322754
Q9P275,P01106,1,0.8992729783058167
O75604,Q96CV9,0,0.0005334204761311412
Q13107,Q9H6E5,0,0.018852198496460915
Q70CQ1,Q13451,1,0.5041449069976807
O94782,Q13114,0,0.9971121549606323
P62068,P63104,0,0.06374287605285645
Q93009,Q13547,0,0.8436561226844788
Q9NQC7,P39023,0,0.05023207142949104
Q93008,P04626,1,0.5982728004455566
Q9UK80,Q14966,0,0.649944007396698
Q96FW1,Q9Y4K3,1,0.9983693957328796
Q96G74,Q8TE49,0,0.3553735017776489
Q93009,Q9UNF1,0,0.6982412338256836
Q93008,Q86YR5,1,0.9841368198394775
Q93008,Q53EZ4,1,0.5852911472320557
Q70CQ2,Q8IYW5,1,0.5329864621162415
O94966,Q5XPI4,1,0.31634485721588135
P40818,P42566,1,0.013420796021819115
Q93009,Q96EY1,0,0.042685892432928085
Q93009,Q9BZS1,1,0.7751665711402893
Q92905,Q5VUJ6,0,0.2847447693347931
Q93008,Q9Y5Q9,0,0.7363831996917725
Q92560,Q13887,1,0.9975351095199585
Q96RU2,P04637,1,0.9964788556098938
Q9Y2K6,Q92813,1,0.860260546207428
P54578,Q12874,0,0.9891483187675476
Q93009,Q9Y253,1,0.0006473393295891583
Q6R6M4,O14965,0,0.672412097454071
Q96G74,O14737,1,0.09487814456224442
Q9NQC7,Q8TEQ6,0,0.8418801426887512
Q93008,P00533,0,0.8817327618598938
Q9UK80,P23771,1,0.9896200299263
O94782,Q9BXW9,1,0.12272021174430847
P09936,P19013,0,0.9776000380516052
Q13107,Q15118,0,0.16383415460586548
Q9Y4E8,Q16637,0,0.3564910888671875
Q93009,Q9HAW4,1,0.998185932636261
Q93009,O60341,1,0.9175013899803162
O75604,Q9H5J4,1,0.992537796497345
Q9H0E7,Q16777,1,0.9966655373573303
Q9UPT9,P35354,1,0.0024918161798268557
O94966,Q13547,1,0.6137794852256775
A6NNY8,Q96B97,0,0.21606215834617615
Q96K76,Q99543,0,0.06555117666721344
Q93009,P0CG48,0,0.0016825771890580654
O75317,Q16778,1,0.9802603125572205
P09936,P04637,1,0.9998205304145813
O94966,Q13309,0,0.0033610621467232704
O94782,P41134,1,0.552515983581543
Q93008,Q5TC82,0,0.0968550592660904
Q70CQ1,Q9H0E7,0,0.8670551776885986
Q9Y4E8,Q9Y4E8,0,0.0042020343244075775
Q9NQC7,Q6Q0C0,1,0.27611303329467773
Q96G74,Q96MU7,0,0.16015931963920593
Q96FW1,Q7Z6W7,0,0.7316396236419678
P21580,Q9BZR9,0,0.01052613090723753
Q9UMW8,Q15751,0,0.17401112616062164
P40818,Q99835,1,0.961170494556427
P40818,Q92963,0,0.0029388307593762875
P21580,Q9UBU9,0,0.02307656966149807
Q93009,Q8TBX8,0,0.04709037020802498
Q9UK80,P51587,1,0.9613286852836609
Q8TEY7,P43307,0,0.49871739745140076
Q9UHP3,P02795,0,0.0753212571144104
Q9UPT9,P14780,1,0.9542091488838196
Q6GQQ9,P03372,0,0.0859730988740921
P40818,Q8NCE0,0,0.04183036834001541
Q70EK9,P62807,1,0.3608594238758087
P51784,P35226,1,0.9248431921005249
O75317,Q6ZVD8,1,0.4060036540031433
Q14694,Q9NQC7,0,0.00146923225838691
Q93009,Q9Y592,0,0.00017654251132626086
Q9Y4E8,Q9Y4K3,0,0.9970836043357849
Q9Y4E8,O15111,1,0.6190567016601562
Q9H9J4,P62807,1,0.6234292387962341
Q92995,Q96A84,0,0.9600446224212646
P09936,P00441,0,0.8661820888519287
O94966,Q13490,1,0.6432657241821289
Q13107,P62937,1,0.9123906493186951
Q9Y6I4,P38405,0,0.4619615972042084
Q9Y2K6,Q969F0,0,0.43127235770225525
Q93009,P08151,1,0.9956521391868591
Q504Q3,P21695,0,0.9995280504226685
Q9H0E7,Q70CQ1,0,0.005097631830722094
Q9Y2K6,O75943,1,0.018518788740038872
Q93009,Q92611,0,0.7939252853393555
Q13107,O43318,1,0.998792290687561
Q9UPT9,O43795,0,0.06722662597894669
P40818,Q9BYB0,1,0.2711445093154907
Q93008,P12830,1,0.4479718506336212
P21580,Q92985,1,0.6470045447349548
Q70CQ2,O15169,1,0.04638403654098511
Q9NQC7,Q14574,0,0.36186811327934265
Q9Y4E8,Q9BYM8,0,0.6577968001365662
Q9Y6I4,A8TX70,0,0.1197921633720398
P51784,P23443,0,0.03199975937604904
Q92995,Q13309,1,0.04039681330323219
Q13107,P49458,0,0.022996168583631516
O94782,P19013,0,0.735080361366272
Q13107,O94966,0,0.9416710138320923
Q96RU2,O60763,0,0.19064070284366608
Q9HBJ7,Q6PCD5,0,0.04300942271947861
Q96G74,Q13114,1,0.9970154762268066
O75317,Q53GS9,0,0.8363645672798157
Q92560,Q14CZ0,0,0.8524172902107239
Q9Y5K5,Q53TQ3,0,0.008663068525493145
Q13107,P29274,1,0.894352912902832
Q9UK80,Q6A162,0,5.106766184326261e-05
P54252,P29466,0,0.07068654149770737
P45974,Q9UBT2,0,0.7392202019691467
Q9Y4E8,Q00987,1,0.9988253712654114
Q9UK80,O95786,1,0.9993430972099304
Q13107,Q7Z6Z7,1,0.9944568872451782
Q14694,Q9UL17,1,0.03696783632040024
P51784,P16104,1,0.8071216344833374
Q92995,Q9Y5K8,0,0.010632773861289024
Q5VVQ6,Q96J02,1,0.1638563573360443
Q93008,Q16665,0,0.9869078397750854
Q9Y4E8,P36894,1,0.5192711353302002
O75604,P51170,1,0.6251111626625061
Q6GQQ9,Q9Y4K3,1,0.9872283935546875
Q93008,Q13485,1,0.9853013157844543
Q9P2H5,Q96GD4,1,0.7639381885528564
O75604,P36776,0,0.009617410600185394
Q93008,O43865,0,0.3461536765098572
Q9P275,Q9H6R0,1,0.9536373615264893
Q96FW1,Q08050,1,0.9717515110969543
Q86UV5,Q9H078,0,0.0017067621229216456
O75317,Q8TBZ3,0,0.9930122494697571
Q6R6M4,Q9Y256,1,0.8811044692993164
Q96G74,Q15843,0,0.6670337915420532
Q9P275,P49703,0,0.0065058753825724125
Q70EK9,Q9UK80,0,0.0027659209445118904
P09936,P23508,0,0.00014578734408132732
Q6R6M4,P16104,1,0.9460281133651733
P21580,Q13137,1,0.04889914393424988
P09936,Q9BVA1,0,0.773469865322113
Q9UMW8,P60484,1,0.9914065599441528
Q70CQ3,O94826,1,0.7999316453933716
O75317,Q6P1J9,0,0.00029031746089458466
Q9NQC7,O75762,0,0.8258903622627258
Q9NQC7,Q96AX9,1,0.8297356367111206
P51784,P41250,0,0.00020168646005913615
O75604,Q00987,1,0.9973576664924622
Q9UHP3,Q14315,0,0.00017590669449418783
P35125,P14780,1,0.09005195647478104
Q93008,O00571,0,0.3965413272380829
Q14694,Q13131,1,0.9990702271461487
Q92995,P60484,1,0.9946517944335938
Q93009,P04637,1,0.997088611125946
P40818,Q01151,0,0.10223566740751266
Q13107,Q8WWY3,1,0.023488160222768784
Q9Y5T5,P11182,0,0.5259969234466553
Q93008,Q969H0,1,0.8825741410255432
Q9Y4E8,Q07955,0,0.012342236936092377
Q9NQC7,O15105,1,0.9976128339767456
P46736,Q93009,0,0.003146103350445628
O75604,P60903,0,0.015458601526916027
P45974,Q9Y5Q3,1,0.009607052430510521
Q93008,O43524,1,0.8825904130935669
P40818,P61981,0,0.0006943769403733313
Q93009,P35568,1,0.17127498984336853
Q9Y4E8,Q8N6T7,0,0.2843486964702606
Q93008,Q12809,1,0.002998203271999955
Q9Y4E8,P42574,1,0.2221212238073349
P51784,P36897,1,0.8272190093994141
Q93009,Q9GZX7,0,0.759809672832489
Q13107,Q5SZD1,0,0.6270140409469604
Q93009,Q03468,1,0.9507828950881958
O75604,Q9NYA3,0,0.10081099718809128
Q9Y6I4,Q9H496,0,0.22257594764232635
P09936,Q9NPH5,1,0.9527875185012817
Q93008,P50542,1,0.013445720076560974
Q9Y5T5,P62280,0,0.02114797756075859
Q9HBJ7,P04637,1,0.9876338243484497
Q9BXU7,P54819,0,0.0015862928703427315
P51784,P04637,1,0.9856480360031128
Q70EL3,P11717,0,0.9999971389770508
Q14694,P09132,0,0.985590398311615
P09936,Q14721,0,0.9992213249206543
P54578,Q9NYJ8,1,0.898733913898468
P35125,P05412,1,0.008712360635399818
Q0WX57,P00533,0,0.9985806941986084
Q9Y5T5,Q16778,1,0.9878072142601013
Q93009,Q9NSA3,1,0.07930464297533035
P54252,Q13501,0,0.7324400544166565
Q9H9J4,P04637,1,0.9709667563438416
P40818,Q15323,0,0.008672000840306282
Q93009,O43524,1,0.988524854183197
Q9UPT9,Q7KZF4,0,0.0016918620094656944
Q9P275,O15479,0,0.02217639423906803
O75604,P37088,1,0.1294623762369156
Q70CQ3,P21796,1,0.9621803760528564
Q14694,P06748,0,0.5195026397705078
Q96FW1,Q8TB45,1,0.2806185185909271
Q9BXU7,Q16635,0,0.002113956492394209
Q93008,O60285,1,0.9146963357925415
Q9H0E7,Q9NQ50,0,0.002028781920671463
Q93008,Q8NAP3,1,0.03264932334423065
Q9Y6I4,Q96RL1,1,0.001074108760803938
O75604,P49327,1,0.012226518243551254
Q86T82,Q9H211,1,0.9364496469497681
Q93008,Q15797,1,0.34641310572624207
Q9UMW8,O43318,1,0.999607264995575
Q9UK80,Q86WV6,1,0.9874805808067322
Q93008,Q96RU7,1,0.3224247395992279
Q70CQ1,Q92598,0,0.9219133853912354
Q92995,Q9HB71,0,0.45081526041030884
Q96FW1,Q96FJ0,0,0.07684231549501419
Q8TEY7,P49407,1,0.13013750314712524
Q96RU2,Q16665,1,0.9141135811805725
O75317,P58304,0,0.0022656971123069525
P12956,P09086,0,0.999929666519165
Q13107,O75365,1,0.005211305804550648
P51784,Q9BXW4,0,0.11022678762674332
Q9NQC7,Q9NYF8,0,0.00010744018800323829
Q9H0E7,Q01860,1,0.9252846837043762
P54578,P10275,1,0.9650862812995911
Q70CQ1,Q16778,1,0.9997705817222595
Q92995,Q9UM11,0,0.06390254199504852
Q96FW1,O00182,0,0.9733668565750122
O75317,Q00987,1,0.9969913959503174
Q0WX57,P0C7H9,0,0.9978356957435608
Q9BXU7,P0C7H9,0,0.9461387395858765
Q9P2H5,P21796,1,0.7376528978347778
Q92560,P53621,0,0.9950370192527771
Q13107,Q13546,1,0.8195872902870178
Q92995,Q96RL1,1,0.01720951870083809
Q93008,Q9H8V3,0,0.03186668083071709
Q93008,Q9H3M7,0,0.19904564321041107
Q96RU2,P05412,1,0.06508234143257141
Q96FW1,Q13114,1,0.9746777415275574
Q14694,O60493,1,0.34297361969947815
Q9Y6I4,Q9NUQ3,0,0.0011874455958604813
P51784,O95931,0,0.004644624888896942
P40818,Q96JA1,1,0.9999653100967407
Q86UV5,P08151,1,0.9713149666786194
Q9Y4E8,P15880,0,0.0005960353300906718
Q9H0E7,Q12834,1,0.02865671180188656
P46736,P16104,1,0.9611846208572388
Q9NQC7,Q02246,1,0.0887213721871376
Q9H3M9,Q13887,1,0.9996101260185242
Q9UMW8,Q6ZNE5,0,0.9999818801879883
Q70CQ3,O43908,0,0.9951955676078796
P21580,O43353,1,0.953534722328186
Q92560,P16104,1,0.8993693590164185
Q5VV17,Q5QP82,0,0.5975438356399536
Q93008,P33981,1,0.012538997456431389
P09936,Q92905,1,0.06271250545978546
P40818,P62136,0,0.011243420653045177
Q70CQ1,P04637,1,0.999930739402771
Q93009,O60299,0,0.26876357197761536
P62068,P42261,1,0.010220436379313469
P21580,Q14790,1,0.711672306060791
Q93008,O94992,0,0.39353376626968384
Q93009,P27694,0,0.9424883127212524
Q9Y4E8,Q14494,1,0.850916862487793
Q96JH7,Q9NY99,1,0.00488562835380435
Q9Y5T5,P53350,1,0.3215772211551666
Q9Y4E8,Q13107,0,0.9697490930557251
Q9NQC7,P02533,0,0.15236859023571014
P45974,O75444,1,0.08094031363725662
P09936,P09936,1,0.017193863168358803
Q93009,O43663,1,0.9988634586334229
Q96RU2,P24864,1,0.4558282792568207
A6NNY8,P62807,1,0.9977153539657593
Q9Y4E8,P35222,1,0.9765945076942444
Q9UK80,O60307,0,0.28294894099235535
Q9NQC7,Q9Y6K9,1,0.8308128714561462
P46736,O15287,1,0.0001314455148531124
Q5VV17,O15105,1,0.9045844674110413
Q9UGI0,Q15910,1,0.03914027288556099
Q93008,Q96J02,1,0.8872023224830627
P45974,O95180,1,0.6516718864440918
Q96G74,P51784,0,0.13382160663604736
Q9UPT9,P54274,1,0.9210267066955566
Q96RU2,P01106,1,0.6218521595001221
Q93008,Q15051,1,0.002092055743560195
P40818,P31749,0,0.016994724050164223
Q6R6M4,Q0WX57,0,0.9899309873580933
P54252,P55072,1,0.9041366577148438
Q92995,P78317,0,0.2158135324716568
Q9Y2K6,P14618,1,0.01861230656504631
Q9UPT9,Q96EB6,1,0.8485868573188782
Q13107,P19474,1,0.007535960059612989
Q93008,P17096,0,0.09305553138256073
Q15040,Q9UNE7,0,0.9571805596351624
P40818,Q16777,0,0.7522990703582764
P51784,Q01094,1,0.1389123946428299
Q93009,Q9Y496,0,0.0005809853319078684
Q9NQC7,P04637,1,0.9928101301193237
Q14694,Q9H7E2,0,0.3264651298522949
Q9Y5T5,P63244,0,0.0059377048164606094
Q9NQC7,Q04206,1,0.9646798372268677
P40818,P56817,1,0.010722621344029903
Q01804,Q01831,1,0.9443798661231995
Q93009,Q9BZR9,0,0.061294082552194595
O94966,Q9H2V7,0,0.13098376989364624
Q9Y4E8,P36897,1,0.9957972764968872
P62068,O94782,0,0.7794228792190552
Q70CQ3,Q8IY31,0,0.8435183763504028
Q93008,Q96MH2,0,0.024586377665400505
Q9UPT9,O60341,1,0.9860370755195618
Q13107,Q12933,1,0.8719448447227478
O75604,Q9UDY8,0,0.000927634653635323
Q92905,Q13619,1,0.13571830093860626
Q93009,P46939,0,0.7442901730537415
P15374,P49773,0,0.9258268475532532
P46736,Q14980,1,0.004476609174162149
Q9UPT9,Q13469,1,0.9165053963661194
Q92560,P25490,1,0.998795747756958
Q93009,P51965,1,0.9437454342842102
Q9Y4E8,Q24JP5,0,0.06427676230669022
Q9Y6I4,Q14152,0,0.0005169096984900534
Q9H0E7,P56177,0,0.9971442818641663
Q92995,Q9Y4C2,0,0.508462131023407
Q14694,P18084,1,0.024691781029105186
P40818,Q02241,1,0.0016324113821610808
Q93008,P16949,1,0.003799168625846505
Q9H9J4,Q9BYN8,0,0.013865630142390728
Q9NQC7,Q5SQI0,0,9.577343735145405e-05
Q86T82,P02768,0,0.020374629646539688
Q14694,P05556,1,0.9160377979278564
Q96K76,P35222,1,0.9167272448539734
P40818,O15155,0,0.013322528451681137
O94782,Q9NVI1,1,0.3660309612751007
P45974,Q96RS6,0,0.917650043964386
Q14694,Q9P2D0,0,0.9922921061515808
Q92560,Q14145,0,0.9928504228591919
Q5D1E8,Q9Y4K3,1,0.9888019561767578
P51784,P25963,1,0.8882921934127808
Q96K76,P12830,1,0.762669563293457
Q93008,Q9Y2J4,1,0.6176731586456299
Q70EL2,P07992,1,0.00022616249043494463
Q93009,Q14566,0,0.9882700443267822
Q9UK80,Q9Y5S9,0,0.049253541976213455
Q13107,O15530,1,0.01408832985907793
Q01804,Q15323,0,0.3358097970485687
Q70CQ1,O75170,0,0.24725259840488434
Q9Y4E8,Q9H4M7,0,0.07037968188524246
P09936,Q9UBN7,1,0.9385803937911987
Q70EL3,P11310,0,0.42923569679260254
P54252,O75600,0,0.3127656579017639
Q9NQC7,P54105,0,0.010089367628097534
O94966,O75581,1,0.9100342392921448
P51784,P37173,1,0.9713761210441589
P54578,P35222,1,0.8750167489051819
Q9Y6I4,Q9UI12,0,0.007950203493237495
Q93008,Q8N122,0,0.9030206799507141
Q6R6M4,Q9BYX4,1,0.9927250146865845
P40818,Q6FHJ7,1,0.0012017145054414868
Q9NQC7,Q9NVE4,0,0.9998660087585449
Q93009,Q12888,1,0.994788646697998
Q13107,P49116,1,0.9699580073356628
Q9UK80,Q9BZI7,0,4.52983622380998e-05
Q92995,Q9UKV5,0,0.9993740916252136
Q14694,P62753,0,0.02761143445968628
Q9NQC7,P31749,1,0.019262604415416718
Q93009,Q15170,0,0.3994717597961426
Q93008,P36915,0,0.1986464112997055
Q9UK80,Q5T5X7,0,0.1363992542028427
Q9NQC7,O95831,0,0.023869385942816734
Q86T82,O60216,0,0.042143531143665314
Q9UPT9,P37231,0,0.8005396723747253
Q6R6M4,Q99538,1,0.6086677312850952
P21580,Q8WXW3,0,2.138888339686673e-05
Q93008,P48431,1,0.9798420667648315
Q9UPT9,P09758,0,0.022554947063326836
O00507,Q02241,0,0.02831432968378067
Q13107,Q92819,1,0.9910906553268433
P40818,Q96RU2,0,0.012856634333729744
O94782,P12004,1,0.9228526949882507
Q9Y5K5,Q01094,1,0.45287492871284485
Q93009,P06400,1,0.997349739074707
P51784,P29590,1,0.7338687777519226
Q8TEY7,P11234,1,0.9795727133750916
Q9Y4E8,O76011,0,0.013257620856165886
Q9HBJ7,Q9HAW4,1,0.8984423279762268
Q9H9J4,Q8N1G4,0,0.008245252072811127
Q86UV5,P0CG48,0,0.008806804195046425
Q96RU2,Q9Y5K5,0,0.0037309846375137568
P40818,Q9Y6H6,0,0.014773423783481121
Q9P275,P04179,1,0.3675950765609741
Q6GQQ9,O75113,0,0.9154170155525208
P40818,P78386,0,0.6296559572219849
Q9UPT9,P15924,0,0.9753687381744385
O00487,Q14151,0,0.0008612661040388048
P21580,Q9Y6K9,1,0.9760938286781311
Q93009,Q9HCI5,0,0.004625382367521524
P54578,P61073,1,0.14608541131019592
P54578,Q9NYL9,0,0.051327839493751526
Q9UPU5,P04637,1,0.831130862236023
Q9Y4E8,P51449,1,0.9949413537979126
Q14694,O15119,0,0.16104474663734436
P09936,Q96C24,0,0.9473267793655396
Q6R6M4,Q15672,1,0.03664189204573631
Q92560,P52739,0,0.008736307732760906
Q9Y6I4,O95786,1,0.9919192790985107
Q9Y5T5,Q9H9S0,1,0.874995231628418
Q9H0E7,P0C0S8,1,0.9989607334136963
Q96FW1,P03372,1,0.00017138122348114848
Q93009,P25205,0,0.9171647429466248
Q93008,O15169,0,0.9738128781318665
Q70EK9,Q16777,1,0.49168649315834045
Q9NQC7,Q96HS1,0,0.04008129611611366
Q93009,Q8TES7,0,0.00039412768092006445
Q9Y6I4,Q16778,1,0.9921771883964539
Q9BXU7,O95503,0,0.4184051752090454
P54578,P62847,0,0.022743215784430504
P62068,Q9BS26,0,0.022930314764380455
P51784,Q9NRC8,0,0.35463160276412964
Q93009,O75083,0,0.6527140736579895
P54252,P28072,0,0.00012613301805686206
P40818,Q96QF0,0,0.025470249354839325
O75317,O60346,1,0.9992221593856812
P40818,Q96FZ7,0,0.006045192014425993
O94966,Q14258,0,0.9219858646392822
P62068,Q9P0U4,0,0.003528399160131812
Q86T82,O75182,0,0.6806663274765015
Q13107,P49959,0,0.1321837455034256
Q93008,P15144,0,0.6553945541381836
P51784,Q92633,1,0.3702033758163452
Q9Y4E8,Q16656,1,0.056085698306560516
Q9NQC7,Q8NHQ1,1,0.0007134770276024938
Q9UGI0,Q9NVK5,0,0.06835230439901352
Q93009,Q15468,0,0.997184693813324
Q93009,Q13309,0,0.2132243812084198
Q93008,P04629,0,0.7928090691566467
O75604,P25445,1,0.005459476727992296
Q9H9J4,Q9H6W3,0,0.9813847541809082
Q93009,Q9NS91,1,0.4348451495170593
Q96G74,Q9Y4K3,1,0.9944781064987183
O75604,Q9Y4E8,0,0.09374154359102249
O94782,Q9BUV0,0,0.7669856548309326
Q6GQQ9,P00533,1,0.053319111466407776
P21580,O15111,0,0.9988539218902588
Q9UPT9,O75529,0,0.05898740887641907
Q14694,P43246,1,0.7836238145828247
Q86T82,P46527,1,0.10170228779315948
