DUB,Substrate,label,TransDSI
Q93008,Q9ULT8,0,0.16848166286945343
O75604,A6NEM1,0,0.0011863631661981344
Q9Y2K6,Q9HAW4,1,0.9339708685874939
Q13107,Q15771,0,0.1547863781452179
Q96RU2,Q93009,0,0.01233652513474226
Q93008,P23588,1,0.06762538850307465
P40818,Q92783,1,0.01840193197131157
Q14694,Q9Y5A9,0,0.0036728023551404476
Q96K76,Q13547,0,0.29895445704460144
O94966,Q6ISU1,0,0.04436542093753815
Q96FW1,Q8TDD1,0,0.03833528608083725
P40818,P04626,1,0.2848110496997833
P54578,Q96RU2,0,0.01233699545264244
Q93009,Q04206,1,0.44041407108306885
Q9Y6I4,P62807,1,0.9346022009849548
Q13107,P05026,0,0.35228288173675537
Q9Y5K5,P25963,1,0.38977891206741333
P15374,Q06609,1,0.33341795206069946
Q6R6M4,Q9H7L9,1,0.9318895936012268
Q9UHP3,Q8N4S9,1,0.8464804887771606
P51784,Q9NR20,0,0.27982109785079956
P51784,O15270,0,0.04098387435078621
Q9P275,Q16778,1,0.9318826198577881
Q9UHP3,Q9UJV3,0,0.18439632654190063
Q92560,Q01167,1,0.77515056133270264
Q13107,Q96HZ4,0,0.3632444739341736
Q9UK80,P0C0S8,1,0.6251094937324524
Q9Y4E8,P84022,1,0.616777241230011
P40818,P01130,1,0.9838523864746094
Q5D1E8,Q12933,1,0.9116830229759216
Q96FW1,P04083,0,0.3057534992694855
Q96FW1,P11142,0,0.002523195929825306
P51784,Q86YC2,1,0.9961876273155212
Q93009,P35226,1,0.5895711779594421
P62068,P61981,0,0.038158126175403595
Q9UPT9,Q16778,1,0.9331613183021545
Q92995,Q86WV6,1,0.54603484869003296
Q93009,P60484,1,0.8543063402175903
Q9UPT9,Q9H0X4,0,0.2121155858039856
Q9NQC7,P08238,0,0.016840871423482895
Q93009,Q01860,1,0.5819430351257324
Q70EK9,P37275,1,0.8458621501922607
Q70EL3,Q9ULZ3,1,0.0772838294506073
P40818,Q9NSD9,0,0.044938672333955765
Q9Y4E8,Q14676,0,0.002567795803770423
P54252,O14757,1,0.33271512389183044
Q6GQQ9,Q13114,1,0.7755212783813477
Q9Y4E8,P62877,1,0.2431538701057434
Q5VV17,P04637,1,0.9805617928504944
Q14694,P20226,1,0.47449058294296265
Q93009,Q68CJ9,0,0.20155271887779236
P54252,P07437,0,0.03787250071763992
Q96DC9,Q9Y468,1,0.6327282190322876
Q14694,O00743,0,0.08049070090055466
Q9UHP3,Q9Y4K3,1,0.5468193292617798
Q93009,P98177,1,0.5662996768951416
Q70CQ1,Q02790,1,0.30296212434768677
Q9NQC7,Q14669,1,0.5045261979103088
Q9Y4E8,O43541,1,0.616777241230011
P54252,Q9BSU1,0,0.005714608822017908
O94782,P52294,0,0.018123142421245575
O94966,Q86TM6,1,0.07300921529531479
Q9UMW8,Q9BXL7,0,0.04029061645269394
Q9Y5K5,O00487,0,0.27314600348472595
Q93009,Q9H4M7,0,0.03834932669997215
Q93009,P35222,1,0.4074484407901764
Q70CQ3,Q96MU7,0,0.0037738122045993805
Q70CQ3,Q8IWA4,1,0.9988974332809448
P45974,Q9NS91,0,0.4157084822654724
Q92995,P01106,1,0.44281908869743347
Q92560,O60516,0,0.6533300876617432
Q9P275,Q6ZN17,0,0.006669148802757263
Q9Y4E8,Q14533,0,0.011106191202998161
Q93009,Q9HBZ2,0,0.20017506182193756
Q96FW1,O43681,0,0.24720747768878937
Q15040,O15524,1,0.03706705942749977
P40818,P42261,1,0.6477652788162231
Q9NQC7,Q9UM82,0,0.7196152210235596
Q9Y4E8,P55072,0,0.13516460359096527
O75604,P84022,0,0.618499219417572
Q9NQC7,P06239,1,0.5540558099746704
P40818,P37088,1,0.2899516224861145
Q96RU2,Q96FW1,0,0.1368459165096283
P40818,O15519,1,0.401047021150589
Q13107,Q13107,1,0.018670855090022087
Q92995,O75030,1,0.13141465187072754
P54578,Q99436,0,0.026954367756843567
Q8TEY7,P40337,0,0.023694362491369247
Q92905,Q9NZQ7,1,0.044345349073410034
Q93009,P37231,1,0.38382306694984436
Q9H0E7,Q13428,0,0.03901290148496628
Q9UK80,P36507,1,0.28066399693489075
Q6R6M4,Q01105,0,0.0379796139895916
P51784,P30260,0,0.09865850955247879
Q6GQQ9,P43403,1,0.26307904720306396
Q93008,P42566,1,0.5235366225242615
Q92560,Q96CW5,1,0.04510779678821564
Q14694,Q8N6T7,1,0.340599924325943
Q9NQC7,P49116,1,0.44308409094810486
Q9NQC7,Q96DR8,0,0.2778710722923279
Q93009,O75386,0,0.39344561100006104
P62068,Q16777,1,0.6276261806488037
Q93009,Q14669,1,0.20410804450511932
P40818,Q9UK80,0,0.0173775777220726
O94782,Q13835,0,0.9311606884002686
P21580,Q9Y4K3,1,0.6636332869529724
Q9Y4E8,Q9Y4Z0,0,0.03552748262882233
Q13107,P07602,0,0.8423611521720886
Q93008,P46821,0,0.039208926260471344
Q9P275,Q5T700,0,0.9958992600440979
P62068,Q99259,1,0.5740964412689209
Q70CQ2,O43463,0,0.08227745443582535
Q9UHP3,Q9P260,0,0.00465896911919117
Q14694,P23396,1,0.1581261157989502
Q93009,Q99569,0,0.9246050715446472
Q93008,Q9H992,1,0.3524204194545746
Q5VVQ6,P17661,1,0.01318154763430357
Q93009,Q9UHB7,0,0.03570571169257164
Q9Y5E6,P19838,1,0.032177407294511795
O75317,Q09472,0,0.05826890468597412
Q93009,Q96EP1,1,0.3321020007133484
Q9Y4E8,P02768,0,0.008654906414449215
O75604,P14555,0,0.6143151521682739
Q93008,Q9UGI8,0,0.4686802625656128
Q14694,Q8NC51,0,0.0038905441761016846
Q93009,Q2YD98,1,0.013974687084555626
Q92560,P27348,1,0.10081344097852707
Q9UHP3,P19013,0,0.010372991673648357
P40818,O94979,1,0.1536480337381363
Q86UV5,Q13596,0,0.13021941483020782
Q9UMW8,Q7LBC6,0,0.004880153574049473
P12956,Q07820,1,0.6035171151161194
Q9P2H5,Q9UM11,0,0.1139146089553833
Q8TEY7,Q9Y6N7,1,0.08204587548971176
Q8TEY7,P32121,1,0.37566938996315
Q9HBJ7,P37275,0,0.8539064526557922
P51784,P04350,0,0.029241017997264862
Q93009,Q8N6T7,0,0.33463120460510254
Q9UHP3,Q96DA0,0,0.0833548977971077
Q9UMW8,Q9Y6K9,1,0.6836617588996887
Q0WX57,P51449,1,0.37337470054626465
Q96FW1,O95831,0,0.004998071119189262
O00487,Q01860,1,0.5306296348571777
P51784,P37231,0,0.39023250341415405
Q70CQ1,P28360,0,0.2637362778186798
Q9Y2K6,P07550,1,0.7893728613853455
Q5D1E8,Q9Y297,0,0.16444452106952667
Q9Y2K6,P58304,0,0.2570137679576874
Q92995,Q07820,1,0.8833678960800171
Q9UK80,Q8WUY9,0,0.07234319299459457
Q93009,Q99496,1,0.45981135964393616
Q9Y2K6,Q96RU7,0,0.27574464678764343
O75317,P10275,1,0.39570802450180054
Q14694,Q5JVS0,0,0.01191567350178957
Q93009,Q12778,1,0.5662997364997864
Q9H0E7,Q13257,1,0.38559865951538086
Q9NQC7,Q13557,0,0.5781978964805603
Q93008,Q7L5N1,0,0.16395214200019836
Q96FW1,P61088,1,0.20900887250900269
Q93009,Q16665,1,0.20594799518585205
Q9HBJ7,Q16777,1,0.6431946158409119
O75604,Q96EB6,1,0.3436627984046936
Q93008,Q92667,0,0.128983274102211
Q13107,Q08999,1,0.9955173134803772
P51784,P98170,1,0.3082394003868103
Q93008,P60842,1,0.03200462833046913
Q13107,P99999,0,0.013785961084067822
Q93009,Q01831,1,0.9931381344795227
P54578,Q14457,1,0.8506541848182678
Q9Y6I4,P04637,1,0.9720173478126526
P40818,P08581,1,0.2810305655002594
Q93009,Q8IYW5,1,0.32527193427085876
Q9Y4E8,P08238,0,0.01019617822021246
Q6R6M4,O43623,1,0.8371930122375488
P54578,Q86WI3,1,0.13154561817646027
Q93009,P26358,1,0.06284956634044647
Q6GQQ9,Q13546,1,0.2668657898902893
Q9UPT9,Q96GX2,0,0.00712124677374959
Q70CQ2,Q9Y2T1,1,0.15926630795001984
O75604,O15534,1,0.3495028614997864
Q14694,O00308,0,0.19778738915920258
Q9NQC7,Q13546,1,0.5798594951629639
Q70EL3,P12956,1,0.4395977258682251
Q93009,Q86VY4,0,0.0375029556453228
O75604,Q03431,1,0.9618999361991882
Q9NQC7,O43353,1,0.5886829495429993
Q5VVJ2,Q9BQA1,0,0.4578016996383667
Q9UPT9,Q9ULK2,0,0.9608579277992249
Q96RU2,Q969H0,1,0.12789127230644226
O94782,Q02535,1,0.7317915558815002
O00487,Q96JH8,0,0.38300424814224243
Q9UK80,Q13546,1,0.2793126106262207
P40818,Q969Q1,0,0.17854662239551544
Q9NQC7,Q09028,0,0.27565401792526245
Q9UPT9,P62807,1,0.9331613183021545
O75604,O15151,1,0.9368739128112793
Q96BN8,Q15717,0,0.3413050174713135
Q93009,Q5VWX1,0,0.13026578724384308
P15374,O15315,1,0.33341795206069946
Q92995,Q14694,1,0.015515871345996857
Q96FW1,Q15843,0,0.10100913792848587
Q92560,P38398,1,0.6350131034851074
Q96FW1,P04637,1,0.989281177520752
P51784,O14920,1,0.28127264976501465
Q93009,P06241,0,0.22644568979740143
Q9Y5T5,P0C0S8,1,0.6317906975746155
Q70CQ2,Q96PL5,0,0.14190588891506195
Q93008,A5PKW4,1,0.0018248908454552293
Q9BXU7,P10275,1,0.41043171286582947
P54252,P78344,1,0.012962672859430313
P51784,Q9HC52,0,0.03495339676737785
P51784,P48059,0,0.4842696487903595
Q93008,Q9NWZ8,0,0.5045684576034546
Q13107,Q9NXH9,0,0.03288323059678078
Q9Y4E8,Q15797,1,0.616777241230011
Q93009,Q13127,1,0.8387559652328491
P40818,Q9H3D4,0,0.9711797833442688
Q93008,Q96L34,1,0.2739971876144409
P45974,P04637,1,0.9709276556968689
Q93009,Q14527,1,0.26462864875793457
Q93008,Q12986,0,0.00027866175514645875
P40818,Q96J02,1,0.23772282898426056
P51784,Q96S59,1,0.018226422369480133
Q9Y5T5,Q16777,1,0.6317906975746155
Q93009,P54253,0,0.4606383144855499
Q6R6M4,P83916,0,0.030536873266100883
Q9NQC7,P78352,1,0.5870136618614197
O75604,Q13546,1,0.28219133615493774
Q9Y4E8,O95786,1,0.6191323399543762
Q9BXU7,P0C0S8,1,0.6430150270462036
P21580,Q99683,1,0.2686366140842438
P51784,P78406,1,0.1414395272731781
Q93009,Q00987,1,0.9347691535949707
Q93009,O15151,1,0.9347691535949707
O75604,Q12933,1,0.7336313724517822
Q70CQ2,Q86UW9,0,0.7021385431289673
Q93008,Q9ULW3,0,0.011912103742361069
Q92905,P47710,0,0.2841174304485321
Q96RU2,Q96RU2,0,0.011351301334798336
Q9UPT9,Q96S21,0,0.15217213332653046
Q86UV5,P04908,1,0.6142260432243347
P51784,P51587,1,0.9986458420753479
P51784,Q99496,0,0.47132444381713867
Q14694,Q14457,1,0.8495640158653259
P46736,Q63HR2,0,0.859626293182373
Q13107,Q9P0M2,0,0.03022024780511856
Q93009,Q8IX18,0,0.5669143795967102
P46736,Q6IN85,0,0.15216241776943207
Q96DX7,Q9BXX2,0,0.5597372055053711
Q14694,P27708,0,0.09906170517206192
Q9NQC7,Q13490,0,0.9528193473815918
Q13107,Q15287,1,0.04641474783420563
P21580,P41240,0,0.9510790705680847
O94782,Q02363,1,0.8907807469367981
Q14694,P62807,1,0.98459792137146
Q9Y5K5,P35228,1,0.3839491307735443
Q9NQC7,P63104,0,0.11803878098726273
Q96G74,O00463,1,0.9574182629585266
Q13107,Q15306,1,0.9118990898132324
Q70CQ3,Q96E52,0,0.471039354801178
Q9UMW8,P05161,1,0.017548037692904472
Q9UHP3,P50991,1,0.4169938266277313
Q9Y2K6,Q5T9A4,0,0.056731946766376495
P46736,P0C0S8,1,0.9512230753898621
Q93008,Q14166,0,0.45336103439331055
Q96K76,O14867,0,0.4018988013267517
Q93009,Q9Y6K9,1,0.4890563189983368
Q86T82,Q9C005,0,0.016057683154940605
P54578,Q13309,0,0.2562257945537567
Q9Y5K5,Q9UMS4,1,0.242031991481781
O75317,Q9NZR4,0,0.16331882774829865
Q93009,Q8N9E0,0,0.0188231710344553
Q93009,Q9NZD8,0,0.3199741244316101
Q6R6M4,P30307,0,0.9018964171409607
Q93009,Q9NRC8,1,0.39703989028930664
P21580,P19838,1,0.907379150390625
Q9Y2K6,Q86WV6,1,0.955010175704956
P51784,P38936,1,0.8879179358482361
O75604,O14965,1,0.6557731032371521
Q9Y4E8,Q13546,0,0.6596696972846985
Q13107,Q8TAY7,0,0.4948025345802307
Q96FW1,P61077,0,0.8545059561729431
Q93009,Q92993,1,0.7540374398231506
Q8TEY7,Q13228,0,0.9005263447761536
Q96K76,O95863,1,0.6363059878349304
Q9Y4E8,P21796,1,0.9648919105529785
Q9Y6I4,P21589,0,0.8838845491409302
Q9NQC7,Q9Y520,0,0.33506831526756287
Q93009,P12004,1,0.9824362993240356
Q0WX57,Q92963,0,0.12585361301898956
Q13107,P15884,1,0.9765601754188538
Q93008,P84022,0,0.9197289943695068
Q13107,Q6ZMZ0,0,0.6494947671890259
Q96FW1,P84022,1,0.9675119519233704
Q9UK80,Q9Y2K6,0,0.06052691489458084
Q92560,Q16777,1,0.9232099652290344
P40818,Q9NR09,1,0.8514758348464966
Q93009,P10276,1,0.5122536420822144
O94966,O60337,1,0.7855888605117798
Q9Y6I4,Q9NZJ4,0,0.9999709129333496
Q9UK80,Q9UIF9,1,0.3468690812587738
Q9UK80,Q9BZS1,1,0.7741238474845886
Q93009,P42167,0,0.06575159728527069
Q96DC9,Q14258,0,0.6403357982635498
Q93008,P46937,1,0.43673625588417053
Q9UHP3,O00463,1,0.7798044681549072
Q53GS9,O95400,0,0.016416531056165695
Q13107,P04637,1,0.8713987469673157
Q70CQ3,Q8N594,0,0.07555010169744492
P54578,Q9Y281,0,0.02113969810307026
Q9HBJ7,O15194,0,0.7603814005851746
Q0WX57,Q92769,1,0.4653300940990448
P46736,O75971,0,0.07404248416423798
Q96K76,Q9UGP5,1,0.4906434714794159
P54252,Q14457,1,0.9904167652130127
Q9UK80,Q14680,0,0.653924822807312
P35125,Q99750,0,0.6360893845558167
Q9NQC7,O60568,0,0.009334727190434933
Q9Y2K6,Q9BY84,0,0.8667484521865845
Q93008,Q9UHI6,0,0.17132321000099182
Q92905,O43623,1,0.7815721035003662
Q96K76,P06746,1,0.4906434714794159
Q9UHP3,P05067,1,0.0075454129837453365
Q9BXU7,O15105,1,0.9219304919242859
Q5VVJ2,P02545,0,0.009400064125657082
Q92995,Q14457,1,0.989564061164856
Q93009,Q9UER7,1,0.16042499244213104
Q86T82,Q05516,1,0.6388453245162964
Q13107,Q4G0J3,0,0.11907488852739334
Q0WX57,O95760,1,0.2894645929336548
Q92560,Q9P0N8,0,0.7780587673187256
Q8TEY7,Q96AG4,0,0.3966178894042969
Q96RU2,O96017,1,0.6382635235786438
Q9Y5K5,P62805,0,0.0039770156145095825
Q9NQC7,P04629,1,0.8985337615013123
Q92560,P21912,0,0.9577413201332092
Q9UK80,O14503,0,0.4342916011810303
A6NNY8,O43521,1,0.0007627292070537806
P40818,P04629,1,0.6830673217773438
Q96RU2,Q9HCX3,1,0.634767472743988
Q93008,Q09472,0,0.1869635432958603
Q9Y4E8,P25963,1,0.42395052313804626
Q9Y4E8,Q16778,1,0.9845699667930603
Q5D1E8,Q13155,0,0.0007754238904453814
Q93008,Q9UBV8,0,0.3025055229663849
Q93009,O43175,0,0.19894659519195557
Q92560,P0CG48,0,0.0580875426530838
Q93008,P28070,0,0.059659793972969055
Q9BXU7,P42771,0,0.4874383807182312
Q96BN8,Q9Y6K9,1,0.7111288905143738
Q9Y4E8,P62280,0,0.0023445941042155027
Q96JH7,P29034,0,0.010156428441405296
P40818,Q8NEM0,1,0.2926664650440216
P54252,Q07812,1,0.9907742142677307
Q93008,Q13489,0,0.921129047870636
Q8TEY7,P07550,1,0.9980731010437012
Q93008,Q9H814,0,0.17344476282596588
P51784,P13010,0,0.009245670400559902
Q93009,Q9UPP1,1,0.281659871339798
Q9Y4E8,Q13501,1,0.041781194508075714
Q9Y4E8,P62807,1,0.9845699667930603
Q14694,Q9Y4P1,0,0.02139042690396309
Q14694,Q9Y6K9,1,0.4883216321468353
P21580,P23378,0,0.9989941716194153
Q9Y5K5,P63220,0,0.22810527682304382
Q93008,Q9UM11,0,0.2834075689315796
Q13107,O14920,0,0.6565553545951843
Q93008,O95999,1,0.36890318989753723
O94966,Q13114,1,0.8109054565429688
Q53GS9,Q96GD4,1,0.6545568108558655
Q9Y5K5,Q99835,1,0.9726815223693848
Q96RU2,Q9HAW4,1,0.9976485371589661
Q9UK80,P61981,0,0.046623002737760544
Q9Y2K6,Q9Y4K3,1,0.7881376147270203
Q6GQQ9,Q99558,0,0.9624669551849365
Q93009,P14618,0,0.9970195889472961
Q5VVQ6,Q92890,0,0.6825813055038452
Q9Y4E8,O95140,1,0.9881467223167419
Q96RU2,P15907,0,0.7831937670707703
A6NNY8,Q14469,1,0.4055716395378113
Q93008,P20700,0,0.006065206602215767
P54252,P17987,0,0.45672178268432617
P51784,O43166,0,0.8749777674674988
P21580,Q14457,1,0.9995666146278381
Q96DC9,P32246,0,0.9991456270217896
Q504Q3,Q9Y294,1,0.18421320617198944
P21580,Q15628,0,0.9884539246559143
O75604,Q8HWS3,0,0.9295297265052795
Q5VVQ6,Q96D03,0,0.9516894817352295
Q9P2H5,Q8NFZ5,1,0.08064720034599304
Q9NQC7,P46459,0,0.2010696530342102
Q9Y5K5,P36897,1,0.653107225894928
Q9UMW8,Q9BYV2,0,0.2949889898300171
Q93009,Q13546,1,0.6534567475318909
P45974,Q08050,1,0.7679823040962219
Q70CQ3,O95140,1,0.9881322979927063
P40818,P51168,0,0.9839780926704407
Q70EK9,Q9Y5K6,0,0.21796785295009613
Q96K76,Q9H668,0,0.00023439046344719827
Q6GQQ9,Q8NFZ5,0,0.32955095171928406
Q9Y5T5,Q9Y5T5,0,0.061727724969387054
Q9P2H5,Q86WV6,0,0.9536295533180237
Q9UK80,O95760,1,0.2936286926269531
Q5D1E8,P0CG48,0,0.009349034167826176
P09936,Q16620,1,0.6714465618133545
P40818,P17302,1,0.8026385307312012
A6NNY8,Q96J02,0,0.6491154432296753
P21580,Q13158,0,0.9483439922332764
Q70EL3,Q9NQ29,0,0.33321863412857056
P54252,P04637,1,0.8506275415420532
Q93009,P10275,1,0.5122536420822144
Q86UV5,O75367,0,0.8015511631965637
Q13107,P51784,0,0.05789162218570709
Q14694,P13569,1,0.9966892600059509
Q96DC9,Q13625,0,0.8508540391921997
Q9Y2K6,Q16665,1,0.4710530638694763
Q14694,Q96HY6,0,0.18579354882240295
Q96DX7,Q9Y577,1,0.29069268703460693
Q14694,P04637,1,0.8687660098075867
Q9Y5T5,Q8WVF1,0,0.34453168511390686
Q9Y4E8,O60256,0,0.0011012076865881681
Q96G74,P24928,0,0.99989914894104
O75604,Q9UBB9,0,0.03429221734404564
Q6R6M4,Q92769,0,0.4630982577800751
Q93008,P11308,1,0.8361711502075195
Q9Y6I4,P01106,0,0.9634343981742859
Q5VVQ6,Q15717,0,0.9234880208969116
P62068,O60346,1,0.6208505630493164
Q93008,Q99683,1,0.6504808664321899
Q93009,Q16254,0,0.9686614274978638
Q6R6M4,O95760,0,0.2890934646129608
Q9Y4E8,Q9UKN8,0,7.053399895085022e-05
Q13107,P06400,1,0.9999332427978516
P46736,O95271,1,0.42303338646888733
P40818,P55085,1,0.9953795671463013
Q93008,Q9C0B0,0,0.9840531349182129
P54578,O14920,1,0.654420793056488
Q96FW1,Q15796,1,0.9675119519233704
O94966,Q92828,1,0.3316888213157654
Q9NQC7,Q13618,0,0.7797637581825256
Q9UPT9,P49848,0,0.08573858439922333
Q9NQC7,P53350,1,0.8949161767959595
Q9UMW8,Q15750,1,0.9180134534835815
Q9Y2K6,P29371,0,0.9980112314224243
Q9UMW8,Q9HCE1,0,0.2688605785369873
Q9UPT9,Q16777,1,0.9113113284111023
P54252,O15379,1,0.7568897604942322
Q6R6M4,Q92819,1,0.9752452373504639
P54578,O14641,1,0.5903840661048889
Q9Y5K5,P58107,0,0.000799169996753335
Q5VVQ6,P55072,1,0.9894518256187439
Q86T82,Q12834,0,0.3133137822151184
P15374,P30837,0,0.09817473590373993
Q9Y5E6,Q13433,0,0.9943975210189819
Q9H0E7,Q16778,1,0.9850229620933533
Q6R6M4,P11802,0,0.6311782002449036
Q86T82,P78396,1,0.9491847157478333
Q9Y6I4,P16104,1,0.9156519770622253
Q9NQC7,P02538,0,0.011448709294199944
Q0WX57,Q9Y256,1,0.999995231628418
Q13107,O43395,1,0.0042970553040504456
Q9UPT9,O43169,0,0.023198485374450684
Q9BXU7,O43663,1,0.9915283918380737
Q14694,Q03518,1,0.9963488578796387
Q13107,P61421,0,0.004204129800200462
Q13107,P59942,0,0.01614500768482685
Q92560,Q13435,0,0.003640473820269108
Q93008,Q5T4S7,0,0.8312740921974182
Q9NQC7,P20749,1,0.7130182981491089
Q9UPU5,P49407,0,0.9922802448272705
Q93009,O00463,0,0.7820603847503662
Q9UPT9,P48431,1,0.23773430287837982
Q93009,Q92963,0,0.1201753169298172
Q70CQ3,O95831,0,0.005818638484925032
Q9NQC7,Q9NZN5,1,0.7672095894813538
P54578,Q7Z406,0,0.004102320875972509
O00487,O95863,1,0.769515335559845
Q9P275,Q9Y570,1,0.028476795181632042
Q9UK80,Q9H9S0,1,0.18417760729789734
P35125,Q14CW9,0,0.007695519831031561
Q93008,Q15154,1,0.5497110486030579
P54578,Q9BR76,0,0.36544159054756165
Q93009,P52294,0,0.05971575900912285
Q9H9J4,P14780,1,0.9843242168426514
Q70CQ3,Q8IXI2,1,0.12478955090045929
Q96G74,P04637,1,0.9809147119522095
P45974,P12004,0,0.9829597473144531
P40818,O15554,1,0.06958722323179245
O95630,P17302,1,0.1843044012784958
Q6R6M4,P0CG48,0,0.02648046426475048
Q92995,P54277,0,0.06610307842493057
O75604,Q96MT8,0,0.1286296397447586
Q9Y4E8,Q2NL82,0,0.6103900074958801
Q96RU2,O75409,0,0.057930514216423035
Q9Y2K6,Q3KQU3,0,0.004143151454627514
Q5VVJ2,P0C0S8,1,0.5607985258102417
Q9UPT9,Q14469,1,0.4448009431362152
O94782,P27482,0,0.10294001549482346
Q9H3M9,Q969Q1,0,0.1903800219297409
Q93009,P49750,0,0.011144197545945644
Q13107,P62195,0,0.06662409752607346
Q93009,P04198,1,0.6835916042327881
Q86T82,P01106,1,0.7658460140228271
Q14694,P61964,0,0.23284070193767548
O94966,Q92769,1,0.34033238887786865
P51784,Q92499,0,0.146271750330925
P21580,Q9UK99,0,0.016293572261929512
Q6R6M4,O95786,1,0.9353335499763489
Q93008,P04637,1,0.9297345280647278
Q9UHP3,P63279,0,0.7497495412826538
O00507,Q13485,1,0.7266227006912231
Q9NQC7,O95786,1,0.9848999977111816
Q86UV5,Q6FI13,1,0.9182640314102173
Q92560,P51610,1,0.46124330163002014
Q9UPT9,P0C0S8,1,0.921052873134613
Q9UPT9,P35226,1,0.8044103980064392
Q13107,P51449,1,0.7420186400413513
Q9Y4E8,Q9HAU4,1,0.49889037013053894
Q9Y2K6,O15049,0,0.022056283429265022
P54252,P35580,0,0.0005048943567089736
P51784,Q9H0Y0,0,0.5236318707466125
Q9UPU5,Q9NWS0,0,0.01923271268606186
Q86T82,P30260,0,0.4201004207134247
O95630,Q15796,0,0.8885705471038818
Q8NB14,Q9UHD2,1,0.4568852186203003
P54252,Q92934,1,0.6790145039558411
Q93008,Q86YT6,1,0.31470394134521484
Q14694,P42771,1,0.3216741979122162
Q9P275,O95602,1,0.005924814380705357
Q70EL3,P30291,1,0.4247124195098877
Q70EL2,Q8N5C6,0,0.9974036812782288
Q93009,Q53GI3,0,0.8432302474975586
Q14694,O15084,0,0.3009403347969055
Q93009,P54252,0,0.11204612255096436
Q5D1E8,Q9BYV6,0,0.26426050066947937
Q14694,Q7Z2W7,0,0.03453606367111206
Q93008,P42345,1,0.10917924344539642
Q96K76,Q06330,0,0.015997260808944702
Q93008,Q8IYB3,0,0.7743684649467468
P51784,P61956,0,0.1033438891172409
Q9Y5K5,P35527,0,0.04230186715722084
Q96G74,O95071,1,0.580551266670227
Q96FW1,P10636,1,0.031977005302906036
Q9P275,Q9BYG3,0,0.28431791067123413
Q93009,O14773,1,0.5926673412322998
P15374,Q15797,1,0.9229390621185303
Q13107,Q02556,1,0.9591572284698486
P09936,Q9GZV3,1,0.0016591192688792944
Q93008,P43403,1,0.4426548182964325
Q9Y4E8,Q9NRL3,0,0.19771252572536469
Q9NQC7,P39019,0,0.7789992094039917
Q93008,P37840,1,0.6179007291793823
Q9NQC7,Q9UHD2,1,0.8670687079429626
P40818,Q9NZQ7,0,0.5194446444511414
O75317,Q9BQQ3,0,0.37710511684417725
Q9UPT9,P14635,1,0.9432291984558105
O75604,Q9UBU9,0,0.03481548652052879
Q5T2D3,Q13045,0,0.3252596855163574
Q5VV17,Q13546,0,0.5273010730743408
Q9NQC7,Q9Y4K3,1,0.848608672618866
Q93009,Q9Y4H2,1,0.9948639273643494
Q6GQQ9,Q7L775,0,0.7254836559295654
Q86T82,P40305,1,0.16867466270923615
Q6R6M4,Q00534,0,0.42135316133499146
Q96FW1,P30566,0,0.0030498395208269358
O94782,O60346,1,0.39885297417640686
Q93008,Q96EK5,0,0.004551470745354891
Q9UPT9,Q86WV6,1,0.8995994329452515
O75604,P51168,1,0.7014552354812622
Q93008,Q07820,1,0.9979222416877747
P21580,P63104,0,0.1046375036239624
Q93008,P61247,0,0.08823277056217194
Q93009,P29590,1,0.3851039409637451
Q93008,O00327,1,0.5413354635238647
Q96G74,Q12933,1,0.8102761507034302
O94966,Q0VGL1,0,0.0037489254027605057
P51784,Q6ZQN5,0,0.9940831065177917
P45974,Q9NZQ7,0,0.49308136105537415
P54252,P11441,0,0.047314926981925964
Q92905,Q16584,0,0.5906508564949036
Q8TEY7,Q92813,1,0.9465116262435913
Q9NQC7,Q9H936,0,0.1485118865966797
P51784,O15111,1,0.44846466183662415
Q9Y4E8,P25054,1,0.01220334880053997
Q70CQ1,P62807,1,0.9884883761405945
Q9UPT9,Q8NBE8,0,0.03580333665013313
O00487,P04626,1,0.42318686842918396
P46736,Q9UII4,0,0.7204084396362305
Q6R6M4,P30304,1,0.036653418093919754
Q9Y4E8,Q15796,1,0.736646831035614
P21580,Q9Y4X5,0,0.034829482436180115
Q93008,Q9HCE7,1,0.5229920148849487
Q9Y2K6,P11310,0,0.03978859260678291
P54252,O60260,1,0.053454916924238205
Q9Y4E8,P46781,0,0.09024012088775635
P62068,Q16778,1,0.9885082840919495
Q96RU2,Q92560,0,0.17812992632389069
P40818,Q01628,0,0.8189099431037903
Q5VVJ2,Q16777,1,0.5607986450195312
Q96FW1,Q13490,1,0.3133603632450104
Q13107,P35222,1,0.8753289580345154
P21580,Q12933,1,0.8471559882164001
Q86T82,P20248,1,0.9428343176841736
Q9NQC7,Q12933,1,0.9279801249504089
Q9UPT9,O75478,0,0.006479570176452398
Q93008,O15054,0,0.0025505097582936287
P09936,P08238,0,0.03517109900712967
O75317,P62993,0,0.16516487300395966
Q13107,Q13485,1,0.7367425560951233
Q13107,Q8IZD4,0,0.0011125431628897786
Q9NQC7,O43318,1,0.8734874129295349
Q13107,Q6NVV7,0,0.017338408157229424
Q0WX57,Q9H7L9,1,0.9756239652633667
Q13107,O95786,1,0.9424011707305908
Q9UHP3,Q13829,0,0.3793809115886688
O75604,Q00653,0,0.35010790824890137
Q96DC9,Q13114,1,0.6132352352142334
Q14694,Q9Y230,0,0.09433802962303162
Q9UPT9,P61981,0,0.052833180874586105
Q93009,Q9H568,0,0.041818767786026
Q93008,P61960,0,0.7583242058753967
Q8TEY7,O43303,1,0.00010666773596312851
Q13107,Q9NYP9,0,0.02467922680079937
Q9Y6I4,P0C0S8,1,0.9229908585548401
Q13107,P31947,0,0.055000144988298416
O94966,O14593,0,0.31927984952926636
O00487,Q8NBP7,0,0.005889683496206999
Q9Y6I4,P49327,0,0.9784318804740906
Q9UMW8,P49116,1,0.7413176894187927
Q9Y4E8,P28070,0,0.026877323165535927
Q93009,Q9UM11,0,0.19748789072036743
Q93008,Q96B67,0,0.022895904257893562
O75317,P0C0S8,1,0.9217720031738281
Q93009,P14373,1,0.2042618989944458
Q92995,Q92890,0,0.02151230163872242
Q0WX57,P01116,0,0.279272198677063
Q13107,P28749,1,0.9970898032188416
Q93009,Q6PIJ6,0,1.5697216895205202e-06
Q86T82,P0C0S8,1,0.9241891503334045
P45974,Q86WV6,1,0.8831353783607483
O75604,Q16526,1,0.02053273655474186
Q93009,P62807,1,0.9883687496185303
O94966,P27695,0,0.27288320660591125
Q9NQC7,O14640,1,0.8570984601974487
O94966,Q9H0D6,0,0.00011596290278248489
P21580,Q16625,1,0.5469821691513062
Q93009,P04629,0,0.506106436252594
P09936,Q16665,1,0.7414084672927856
Q9BXU7,Q00987,1,0.9704610705375671
P51784,Q14135,1,6.219551869435236e-05
P40818,P00533,1,0.460906058549881
P45974,Q86U42,0,0.5357239842414856
Q93009,Q96PK6,0,0.4429616630077362
Q86UV5,Q12933,1,0.5925890207290649
Q13107,Q9UK80,0,0.10408660024404526
Q96FW1,Q9H0F6,0,0.007445189636200666
Q9UHP3,O95271,1,0.3091965615749359
Q9Y6I4,Q16777,1,0.9229908585548401
P21580,Q9BVS4,0,0.4324876368045807
Q13107,P18754,0,0.4600640833377838
Q9Y4E8,Q92560,0,0.179068461060524
Q93009,P31947,0,0.050194378942251205
O75604,P24385,1,0.917191207408905
P21580,P04637,1,0.7815995812416077
Q9Y2K6,Q16659,1,0.44010433554649353
P51784,Q01831,1,0.9998201727867126
Q14694,P60484,1,0.8980404138565063
Q92905,P43354,0,0.8304421305656433
Q6R6M4,P35222,0,0.8723540306091309
Q9Y6I4,Q9H9S0,1,0.2601684629917145
Q9NQC7,P36897,1,0.8785829544067383
Q96G74,P54652,0,0.0014711797703057528
Q14694,P54646,1,0.4302118122577667
Q93008,P14921,1,0.9243104457855225
Q86T82,P35244,0,0.005438630003482103
Q13107,P62312,0,0.03777080401778221
Q96FW1,Q00325,0,0.12805570662021637
Q93009,Q9NRI5,0,0.28776800632476807
Q5T2D3,P60484,1,0.9157654047012329
Q92995,P11441,1,0.0847892314195633
Q9Y4E8,Q14145,1,0.07110172510147095
Q9UPU5,Q92466,1,0.1930546909570694
P51784,Q9Y463,0,0.41593608260154724
Q13107,Q9Y4K3,1,0.5679301023483276
Q70EK9,P04908,0,0.9215899109840393
P51784,O43663,1,0.9968660473823547
Q93009,P19838,1,0.30923542380332947
Q86T82,P78347,0,0.8862758278846741
Q93008,P35222,1,0.8733076453208923
Q93009,Q96T88,1,0.25760969519615173
Q96RU2,P63167,0,0.09256786108016968
Q9P2H5,Q8NB14,0,0.08940976113080978
Q96G74,P28799,0,0.013065471313893795
Q9P275,Q8NG27,0,0.2904771864414215
Q13107,Q92769,1,0.3372569978237152
Q92560,O15294,1,0.5571616291999817
Q93009,Q16526,1,0.020224669948220253
O94966,Q14457,1,0.9938004612922668
P40818,P01116,0,0.2840918004512787
P21580,Q58EX2,0,0.7844417095184326
P40818,Q8TCQ1,0,0.9092857837677002
O75317,Q16777,1,0.9217720031738281
P40818,Q15257,0,0.17749805748462677
O94966,Q13489,1,0.45122066140174866
Q9NQC7,Q9NPH5,1,0.9664698839187622
Q93009,Q13616,0,0.05017764866352081
P40818,P42226,0,0.4072757363319397
Q93009,Q96RK0,0,0.9626550674438477
P40818,O60260,1,0.056952230632305145
Q9Y4E8,Q14258,1,0.20090752840042114
Q8TEY7,Q99814,0,0.5685420632362366
Q93009,Q8IXJ9,1,0.9044933915138245
O75604,P19438,0,0.766835629940033
Q9UHP3,Q13114,1,0.5334111452102661
Q9H0E7,P41208,0,0.0927189365029335
Q96RU2,P10275,0,0.7581580877304077
P40818,Q16665,1,0.5693634152412415
Q70CQ3,Q15388,1,0.1261349618434906
Q92560,P0C0S8,1,0.8716219067573547
Q92905,O95863,1,0.942840576171875
Q14694,Q9Y4K3,1,0.5479498505592346
P54578,Q96GD4,1,0.43421435356140137
Q9UK80,Q16777,1,0.9215409755706787
Q9UPT9,A6NNY8,0,0.09799958765506744
P21580,Q13546,1,0.6092753410339355
O75604,Q9UK80,0,0.1043994128704071
Q9NQC7,P08727,0,0.0760141983628273
Q96DC9,Q9Y4K3,1,0.6429908871650696
Q9NQC7,Q14152,0,1.903340125863906e-05
Q9UPT9,P09467,1,0.0024178328458219767
P15374,Q3KRB8,0,0.6742986440658569
O75317,P62807,1,0.9884646534919739
Q93008,Q9NRM7,1,0.4059908986091614
Q93009,O43684,1,0.1840953677892685
Q9Y4E8,Q7Z569,1,0.1334402859210968
Q96FW1,P27694,1,0.0002407376596238464
Q13107,Q9NQB0,0,0.9626198410987854
Q9Y4E8,Q13127,1,0.8427838087081909
Q93009,Q49AN0,1,0.020224668085575104
Q8TEY7,Q96F46,0,0.8938862681388855
Q9Y4E8,Q15020,1,0.11073164641857147
Q14694,O95863,0,0.8674147129058838
Q9Y4E8,Q14525,0,0.13063326478004456
P54578,Q13813,0,0.038988593965768814
Q6R6M4,O95863,1,0.8664713501930237
O94966,Q15393,0,0.7326165437698364
Q92560,P26367,0,0.6657033562660217
P40818,Q15717,0,0.11075644195079803
Q96RU2,Q12888,1,0.9999380111694336
Q93009,P30153,0,0.005046266131103039
P40818,P21860,1,0.5788370370864868
Q9Y4E8,Q8WWY3,1,0.16589762270450592
Q9UPT9,P01106,1,0.6193305253982544
P09936,O75460,0,0.9027683138847351
Q13107,P36897,1,0.5852584838867188
P54252,Q71U36,0,0.0924476757645607
P54578,Q9UBS5,1,0.7055248022079468
Q8NB14,A6NHT5,0,0.3645959496498108
A6NNY8,Q86TJ2,0,0.01893751323223114
Q92995,Q9BYV6,0,0.4501575231552124
Q70CQ1,P08709,0,0.7396973967552185
P40818,Q14493,0,0.011156031861901283
Q96RU2,O14965,0,0.5486921668052673
Q9H0E7,O15182,0,0.10477500408887863
Q9UHP3,P04234,1,0.012974263168871403
O95630,P11498,0,0.0026637373957782984
Q93008,Q9NYV9,1,0.003317932365462184
P40818,Q9H4P4,1,0.7618712186813354
Q93009,O14965,1,0.5463312268257141
O75604,P08253,1,0.5924357175827026
O94966,P19474,0,0.4772402346134186
Q9UPT9,Q12962,0,0.0836297795176506
Q9Y4E8,O60496,0,0.8996232151985168
P54252,Q9UNE7,1,0.2960563898086548
O75604,Q9Y3B9,0,0.15944993495941162
Q92560,Q8NB78,0,0.9615907669067383
Q93009,Q8NG27,0,0.2597064971923828
Q9Y6I4,O14757,1,0.5709249377250671
Q93009,O43463,0,0.2701975107192993
Q9UK80,Q8IUH3,0,0.11587659269571304
Q93009,Q9H992,1,0.32864099740982056
Q8TEY7,O75694,0,0.9976606369018555
Q14694,P0C0S5,1,0.8368852734565735
Q93009,Q07866,0,0.405029833316803
O94966,Q15773,0,0.010887292213737965
Q9Y4E8,O75150,0,0.01479352917522192
O95630,P55085,1,0.05856051295995712
Q0WX57,P09936,0,0.19687147438526154
Q5D1E8,O43474,1,0.7112692594528198
Q96FW1,O95863,1,0.8330134749412537
O94782,P20930,0,0.006539224646985531
Q96RU2,O60341,1,0.8680323958396912
Q5D1E8,Q13546,1,0.5886507630348206
Q9P275,P01106,1,0.6123976707458496
O75604,Q96CV9,0,0.980362594127655
Q13107,Q9H6E5,0,0.11226703226566315
Q70CQ1,Q13451,1,0.3554399609565735
O94782,Q13114,0,0.9135144948959351
P62068,P63104,0,0.10163639485836029
Q93009,Q13547,0,0.6179701685905457
Q9NQC7,P39023,0,0.0010387384099885821
Q93008,P04626,1,0.5687840580940247
Q9UK80,Q14966,0,0.3913104832172394
Q96FW1,Q9Y4K3,1,0.8620726466178894
Q96G74,Q8TE49,0,0.00038521381793543696
Q93009,Q9UNF1,0,0.023454323410987854
Q93008,Q86YR5,1,0.0061911968514323235
Q93008,Q53EZ4,1,0.959632158279419
Q70CQ2,Q8IYW5,1,0.5899386405944824
O94966,Q5XPI4,1,0.7248329520225525
P40818,P42566,1,0.8262055516242981
Q93009,Q96EY1,0,0.4999886751174927
Q93009,Q9BZS1,1,0.7771541476249695
Q92905,Q5VUJ6,0,0.40291619300842285
Q93008,Q9Y5Q9,0,0.04382382333278656
Q92560,Q13887,1,0.8416916728019714
Q96RU2,P04637,1,0.8833884596824646
Q9Y2K6,Q92813,1,0.9396615028381348
P54578,Q12874,0,0.2898883521556854
Q93009,Q9Y253,1,0.959604799747467
Q6R6M4,O14965,0,0.5281695127487183
Q96G74,O14737,1,0.026994436979293823
Q9NQC7,Q8TEQ6,0,0.333361953496933
Q93008,P00533,0,0.5672299265861511
Q9UK80,P23771,1,0.15931352972984314
O94782,Q9BXW9,1,0.017464416101574898
P09936,P19013,0,0.2596536874771118
Q13107,Q15118,0,0.030207043513655663
Q9Y4E8,Q16637,0,0.050904352217912674
Q93009,Q9HAW4,1,0.9996358156204224
Q93009,O60341,1,0.8750613927841187
O75604,Q9H5J4,1,0.4655415415763855
Q9H0E7,Q16777,1,0.8420585989952087
Q9UPT9,P35354,1,0.9806867241859436
O94966,Q13547,1,0.6350659728050232
A6NNY8,Q96B97,0,0.24154114723205566
Q96K76,Q99543,0,0.47194886207580566
Q93009,P0CG48,0,0.1991416960954666
O75317,Q16778,1,0.958026111125946
P09936,P04637,1,0.9428398013114929
O94966,Q13309,0,0.016747701913118362
O94782,P41134,1,0.8854658603668213
Q93008,Q5TC82,0,0.04884124919772148
Q70CQ1,Q9H0E7,0,0.098462775349617
Q9Y4E8,Q9Y4E8,0,0.08944574743509293
Q9NQC7,Q6Q0C0,1,0.30371737480163574
Q96G74,Q96MU7,0,0.00113216124009341
Q96FW1,Q7Z6W7,0,0.5078694224357605
P21580,Q9BZR9,0,0.2769400477409363
Q9UMW8,Q15751,0,0.3589610457420349
P40818,Q99835,1,0.9499790072441101
P40818,Q92963,0,0.26382631063461304
P21580,Q9UBU9,0,0.0013336677802726626
Q93009,Q8TBX8,0,0.6211140155792236
Q9UK80,P51587,1,1.201139383510963e-07
Q8TEY7,P43307,0,0.21381986141204834
Q9UHP3,P02795,0,0.005337741691619158
Q9UPT9,P14780,1,0.5856466293334961
Q6GQQ9,P03372,0,0.7067012786865234
P40818,Q8NCE0,0,0.1853286474943161
Q70EK9,P62807,1,0.9571166634559631
P51784,P35226,1,0.8217976689338684
O75317,Q6ZVD8,1,0.5705825686454773
Q14694,Q9NQC7,0,0.03883814439177513
Q93009,Q9Y592,0,5.017031799070537e-05
Q9Y4E8,Q9Y4K3,0,0.8674131631851196
Q9Y4E8,O15111,1,0.5599652528762817
Q9H9J4,P62807,1,0.9555339813232422
Q92995,Q96A84,0,0.9999935626983643
P09936,P00441,0,0.5296505689620972
O94966,Q13490,1,0.5316376090049744
Q13107,P62937,1,0.4797331392765045
Q9Y6I4,P38405,0,0.3223201632499695
Q9Y2K6,Q969F0,0,0.841079831123352
Q93009,P08151,1,0.8547253608703613
Q504Q3,P21695,0,0.2791183292865753
Q9H0E7,Q70CQ1,0,0.09857331216335297
Q9Y2K6,O75943,1,0.1809726506471634
Q93009,Q92611,0,0.005215371027588844
Q13107,O43318,1,0.5684487223625183
Q9UPT9,O43795,0,0.0018674912862479687
P40818,Q9BYB0,1,0.49612298607826233
Q93008,P12830,1,0.9928643703460693
P21580,Q92985,1,0.8373791575431824
Q70CQ2,O15169,1,0.5073615312576294
Q9NQC7,Q14574,0,0.9977978467941284
Q9Y4E8,Q9BYM8,0,0.13273772597312927
Q9Y6I4,A8TX70,0,0.9999818801879883
P51784,P23443,0,0.5616083741188049
Q92995,Q13309,1,0.016476595774292946
Q13107,P49458,0,0.10084937512874603
O94782,P19013,0,0.1257878541946411
Q13107,O94966,0,0.09787866473197937
Q96RU2,O60763,0,0.0028081454802304506
Q9HBJ7,Q6PCD5,0,0.012694391421973705
Q96G74,Q13114,1,0.9491658210754395
O75317,Q53GS9,0,0.08151289820671082
Q92560,Q14CZ0,0,0.9146491885185242
Q9Y5K5,Q53TQ3,0,0.20533433556556702
Q13107,P29274,1,0.8854647874832153
Q9UK80,Q6A162,0,0.1288149654865265
P54252,P29466,0,0.8594337701797485
P45974,Q9UBT2,0,0.3098756968975067
Q9Y4E8,Q00987,1,0.9694122076034546
Q9UK80,O95786,1,0.9794227480888367
Q13107,Q7Z6Z7,1,0.5722681283950806
Q14694,Q9UL17,1,0.02783387154340744
P51784,P16104,1,0.8397440314292908
Q92995,Q9Y5K8,0,0.02853943035006523
Q5VVQ6,Q96J02,1,0.8519164323806763
Q93008,Q16665,0,0.5830593109130859
Q9Y4E8,P36894,1,0.58329838514328
O75604,P51170,1,0.6264290809631348
Q6GQQ9,Q9Y4K3,1,0.8829672932624817
Q93008,Q13485,1,0.7933766841888428
Q9P2H5,Q96GD4,1,0.5505134463310242
O75604,P36776,0,0.1260775327682495
Q93008,O43865,0,0.8927277326583862
Q9P275,Q9H6R0,1,0.0044255973771214485
Q96FW1,Q08050,1,0.8113353848457336
Q86UV5,Q9H078,0,0.45228949189186096
O75317,Q8TBZ3,0,0.23384378850460052
Q6R6M4,Q9Y256,1,0.997635006904602
Q96G74,Q15843,0,0.15700334310531616
Q9P275,P49703,0,0.27285847067832947
Q70EK9,Q9UK80,0,0.08646934479475021
P09936,P23508,0,0.7296870350837708
Q6R6M4,P16104,1,0.8286588788032532
P21580,Q13137,1,0.24186506867408752
P09936,Q9BVA1,0,0.2968234717845917
Q9UMW8,P60484,1,0.9491019248962402
Q70CQ3,O94826,1,0.31135183572769165
O75317,Q6P1J9,0,0.005152544938027859
Q9NQC7,O75762,0,0.7592794895172119
Q9NQC7,Q96AX9,1,0.7621640563011169
P51784,P41250,0,0.09872503578662872
O75604,Q00987,1,0.9695755839347839
Q9UHP3,Q14315,0,0.007898864336311817
P35125,P14780,1,0.4919966161251068
Q93008,O00571,0,0.26236626505851746
Q14694,Q13131,1,0.5520108342170715
Q92995,P60484,1,0.9544389843940735
Q93009,P04637,1,0.8811501860618591
P40818,Q01151,0,0.4007735252380371
Q13107,Q8WWY3,1,0.1661158949136734
Q9Y5T5,P11182,0,0.4622311592102051
Q93008,Q969H0,1,0.2519512474536896
Q9Y4E8,Q07955,0,0.1407773345708847
Q9NQC7,O15105,1,0.8134222626686096
P46736,Q93009,0,0.13902126252651215
O75604,P60903,0,0.05169602856040001
P45974,Q9Y5Q3,1,0.9895731806755066
Q93008,O43524,1,0.7768324613571167
P40818,P61981,0,0.10509493947029114
Q93009,P35568,1,0.9057307243347168
Q9Y4E8,Q8N6T7,0,0.6903365254402161
Q93008,Q12809,1,0.01504228264093399
Q9Y4E8,P42574,1,0.7115187048912048
P51784,P36897,1,0.585679829120636
Q93009,Q9GZX7,0,0.8519176244735718
Q13107,Q5SZD1,0,0.7026829719543457
Q93009,Q03468,1,0.7911586761474609
O75604,Q9NYA3,0,0.00436745909973979
Q9Y6I4,Q9H496,0,0.8320197463035583
P09936,Q9NPH5,1,0.9679608345031738
Q93008,P50542,1,0.12029583752155304
Q9Y5T5,P62280,0,0.056365374475717545
Q9HBJ7,P04637,1,0.8831921219825745
Q9BXU7,P54819,0,0.28915247321128845
P51784,P04637,1,0.8821157217025757
Q70EL3,P11717,0,0.8759459257125854
Q14694,P09132,0,0.05603976175189018
P09936,Q14721,0,0.9827184081077576
P54578,Q9NYJ8,1,0.01299949362874031
P35125,P05412,1,0.8053014874458313
Q0WX57,P00533,0,0.5528196692466736
Q9Y5T5,Q16778,1,0.957944929599762
Q93009,Q9NSA3,1,0.38099488615989685
P54252,Q13501,0,0.6147151589393616
Q9H9J4,P04637,1,0.8766815662384033
P40818,Q15323,0,0.12920241057872772
Q93009,O43524,1,0.776359498500824
Q9UPT9,Q7KZF4,0,0.0865602046251297
Q9P275,O15479,0,0.024636853486299515
O75604,P37088,1,0.6264290809631348
Q70CQ3,P21796,1,0.931572675704956
Q14694,P06748,0,0.9739475250244141
Q96FW1,Q8TB45,1,0.7133217453956604
Q9BXU7,Q16635,0,0.029409026727080345
Q93008,O60285,1,0.8263903260231018
Q9H0E7,Q9NQ50,0,0.08178059011697769
Q93008,Q8NAP3,1,0.8732460141181946
Q9Y6I4,Q96RL1,1,0.11410896480083466
O75604,P49327,1,0.11344313621520996
Q86T82,Q9H211,1,0.003571599954739213
Q93008,Q15797,1,0.857254147529602
Q9UMW8,O43318,1,0.8294841647148132
Q9UK80,Q86WV6,1,0.7052568197250366
Q93008,Q96RU7,1,0.8231552243232727
Q70CQ1,Q92598,0,0.029630223289132118
Q92995,Q9HB71,0,0.3582189977169037
Q96FW1,Q96FJ0,0,0.016091182827949524
Q8TEY7,P49407,1,0.799846351146698
Q96RU2,Q16665,1,0.6965429782867432
O75317,P58304,0,0.2677590548992157
P12956,P09086,0,0.9989750385284424
Q13107,O75365,1,0.7740157842636108
P51784,Q9BXW4,0,0.3648281693458557
Q9NQC7,Q9NYF8,0,0.007972974330186844
Q9H0E7,Q01860,1,0.9095850586891174
P54578,P10275,1,0.7571246027946472
Q70CQ1,Q16778,1,0.9898284673690796
Q92995,Q9UM11,0,0.4827510118484497
Q96FW1,O00182,0,0.3620475232601166
O75317,Q00987,1,0.9928039908409119
Q0WX57,P0C7H9,0,0.14793409407138824
Q9BXU7,P0C7H9,0,0.18949104845523834
Q9P2H5,P21796,1,0.9851528406143188
Q92560,P53621,0,0.6686373949050903
Q13107,Q13546,1,0.8338627815246582
Q92995,Q96RL1,1,0.1340010166168213
Q93008,Q9H8V3,0,0.8384839296340942
Q93008,Q9H3M7,0,0.0869521051645279
Q96RU2,P05412,1,0.8273223638534546
Q96FW1,Q13114,1,0.9573671817779541
Q14694,O60493,1,0.043619245290756226
Q9Y6I4,Q9NUQ3,0,0.12887048721313477
P51784,O95931,0,0.05930861085653305
P40818,Q96JA1,1,0.8022470474243164
Q86UV5,P08151,1,0.8702511191368103
Q9Y4E8,P15880,0,0.18644282221794128
Q9H0E7,Q12834,1,0.4116303324699402
P46736,P16104,1,0.8526052832603455
Q9NQC7,Q02246,1,0.7171914577484131
Q9H3M9,Q13887,1,0.9663875102996826
Q9UMW8,Q6ZNE5,0,0.8177462816238403
Q70CQ3,O43908,0,0.43893444538116455
P21580,O43353,1,0.7974393367767334
Q92560,P16104,1,0.900855541229248
Q5VV17,Q5QP82,0,0.19639532268047333
Q93008,P33981,1,0.8217536807060242
P09936,Q92905,1,0.04597032070159912
P40818,P62136,0,0.11560222506523132
Q70CQ1,P04637,1,0.9455736875534058
Q93009,O60299,0,0.08354031294584274
P62068,P42261,1,0.9630652070045471
P21580,Q14790,1,0.4204881489276886
Q93008,O94992,0,0.6667909622192383
Q93009,P27694,0,0.9614225625991821
Q9Y4E8,Q14494,1,0.8241884112358093
Q96JH7,Q9NY99,1,0.8158522248268127
Q9Y5T5,P53350,1,0.833497166633606
Q9Y4E8,Q13107,0,0.1877707839012146
Q9NQC7,P02533,0,0.023873088881373405
P45974,O75444,1,0.9942728877067566
P09936,P09936,1,0.03993909806013107
Q93009,O43663,1,0.9972478747367859
Q96RU2,P24864,1,0.9824581742286682
A6NNY8,P62807,1,0.9898562431335449
Q9Y4E8,P35222,1,0.7346879839897156
Q9UK80,O60307,0,0.8244505524635315
Q9NQC7,Q9Y6K9,1,0.8119693994522095
P46736,O15287,1,0.1965036392211914
Q5VV17,O15105,1,0.7835225462913513
Q9UGI0,Q15910,1,0.08056565374135971
Q93008,Q96J02,1,0.7827478647232056
P45974,O95180,1,0.21449682116508484
Q96G74,P51784,0,0.13060611486434937
Q9UPT9,P54274,1,0.30599263310432434
Q96RU2,P01106,1,0.7241597771644592
Q93008,Q15051,1,0.0001368145167361945
P40818,P31749,0,0.8278047442436218
Q6R6M4,Q0WX57,0,0.14841879904270172
P54252,P55072,1,0.08425859361886978
Q92995,P78317,0,0.9441896080970764
Q9Y2K6,P14618,1,0.07195700705051422
Q9UPT9,Q96EB6,1,0.7230808138847351
Q13107,P19474,1,0.452558308839798
Q93008,P17096,0,0.42817384004592896
Q15040,Q9UNE7,0,0.9571269750595093
P40818,Q16777,0,0.9432666301727295
P51784,Q01094,1,0.0427696593105793
Q93009,Q9Y496,0,0.8777043223381042
Q9NQC7,P04637,1,0.9756603837013245
Q14694,Q9H7E2,0,0.5477064847946167
Q9Y5T5,P63244,0,0.4228227436542511
Q9NQC7,Q04206,1,0.897730827331543
P40818,P56817,1,0.11346778273582458
Q01804,Q01831,1,0.9572082161903381
Q93009,Q9BZR9,0,0.4258274435997009
O94966,Q9H2V7,0,0.9672150611877441
Q9Y4E8,P36897,1,0.8373951315879822
P62068,O94782,0,0.1675289273262024
Q70CQ3,Q8IY31,0,0.4146309494972229
Q93008,Q96MH2,0,0.6667909622192383
Q9UPT9,O60341,1,0.8048281073570251
Q13107,Q12933,1,0.918998658657074
O75604,Q9UDY8,0,0.7994834184646606
Q92905,Q13619,1,0.001504544634371996
Q93009,P46939,0,0.0028566576074808836
P15374,P49773,0,0.2393520325422287
P46736,Q14980,1,0.02822398766875267
Q9UPT9,Q13469,1,0.9621790647506714
Q92560,P25490,1,0.9815903306007385
Q93009,P51965,1,0.5486527681350708
Q9Y4E8,Q24JP5,0,0.9912726283073425
Q9Y6I4,Q14152,0,9.721799870021641e-06
Q9H0E7,P56177,0,0.26266899704933167
Q92995,Q9Y4C2,0,0.9572837948799133
Q14694,P18084,1,0.41233721375465393
P40818,Q02241,1,0.8776770234107971
Q93008,P16949,1,0.011213933117687702
Q9H9J4,Q9BYN8,0,0.004133977927267551
Q9NQC7,Q5SQI0,0,0.00289758644066751
Q86T82,P02768,0,0.0011971148196607828
Q14694,P05556,1,0.40815073251724243
Q96K76,P35222,1,0.7300797700881958
P40818,O15155,0,0.1666281670331955
O94782,Q9NVI1,1,0.0003925593919120729
P45974,Q96RS6,0,0.7913715243339539
Q14694,Q9P2D0,0,0.23633843660354614
Q92560,Q14145,0,0.7140321135520935
Q5D1E8,Q9Y4K3,1,0.9060590267181396
P51784,P25963,1,0.5216200351715088
Q96K76,P12830,1,0.543585479259491
Q93008,Q9Y2J4,1,0.00027476283139549196
Q70EL2,P07992,1,0.9811088442802429
Q93009,Q14566,0,0.9805333614349365
Q9UK80,Q9Y5S9,0,0.1861441731452942
Q13107,O15530,1,0.8311642408370972
Q01804,Q15323,0,0.011028528213500977
Q70CQ1,O75170,0,0.0340140163898468
Q9Y4E8,Q9H4M7,0,0.47690048813819885
P09936,Q9UBN7,1,0.784588634967804
Q70EL3,P11310,0,0.1006224974989891
P54252,O75600,0,0.021801484748721123
Q9NQC7,P54105,0,0.6771549582481384
O94966,O75581,1,0.35190603137016296
P51784,P37173,1,0.8410621881484985
P54578,P35222,1,0.7287091016769409
Q9Y6I4,Q9UI12,0,0.09674307703971863
Q93008,Q8N122,0,0.10224593430757523
Q6R6M4,Q9BYX4,1,0.963346004486084
P40818,Q6FHJ7,1,0.7057496905326843
Q9NQC7,Q9NVE4,0,0.9999873638153076
Q93009,Q12888,1,0.9999998807907104
Q13107,P49116,1,0.7577962875366211
Q9UK80,Q9BZI7,0,5.5813237850088626e-05
Q92995,Q9UKV5,0,0.6167493462562561
Q14694,P62753,0,0.005676955915987492
Q9NQC7,P31749,1,0.9370813369750977
Q93009,Q15170,0,0.2587575316429138
Q93008,P36915,0,0.947016716003418
Q9UK80,Q5T5X7,0,0.8000368475914001
Q9NQC7,O95831,0,0.0005606377962976694
Q86T82,O60216,0,0.005067455116659403
Q9UPT9,P37231,0,0.7601602077484131
Q6R6M4,Q99538,1,0.7933424115180969
P21580,Q8WXW3,0,0.003220014739781618
Q93008,P48431,1,0.2655377686023712
Q9UPT9,P09758,0,0.029109273105859756
O00507,Q02241,0,0.877142608165741
Q13107,Q92819,1,0.9970056414604187
P40818,Q96RU2,0,0.15037043392658234
O94782,P12004,1,0.4368809163570404
Q9Y5K5,Q01094,1,0.046023402363061905
Q93009,P06400,1,0.9990083575248718
P51784,P29590,1,0.6512631773948669
Q8TEY7,P11234,1,0.1695258915424347
Q9Y4E8,O76011,0,0.029486849904060364
Q9HBJ7,Q9HAW4,1,0.9999986886978149
Q9H9J4,Q8N1G4,0,0.38964027166366577
Q86UV5,P0CG48,0,0.6056838631629944
Q96RU2,Q9Y5K5,0,0.03541374206542969
P40818,Q9Y6H6,0,0.8306299448013306
Q9P275,P04179,1,0.4180116653442383
Q6GQQ9,O75113,0,0.18411213159561157
P40818,P78386,0,0.029549570754170418
Q9UPT9,P15924,0,0.001405591145157814
O00487,Q14151,0,0.06810315698385239
P21580,Q9Y6K9,1,0.6723694205284119
Q93009,Q9HCI5,0,0.04904733970761299
P54578,P61073,1,0.8324601650238037
P54578,Q9NYL9,0,0.6447780728340149
Q9UPU5,P04637,1,0.9466866850852966
Q9Y4E8,P51449,1,0.7640009522438049
Q14694,O15119,0,0.917992889881134
P09936,Q96C24,0,0.45055487751960754
Q6R6M4,Q15672,1,0.9037348628044128
Q92560,P52739,0,0.9814472198486328
Q9Y6I4,O95786,1,0.990435779094696
Q9Y5T5,Q9H9S0,1,0.26667559146881104
Q9H0E7,P0C0S8,1,0.9442117810249329
Q96FW1,P03372,1,0.5862452387809753
Q93009,P25205,0,0.9805333614349365
Q93008,O15169,0,0.9377478361129761
Q70EK9,Q16777,1,0.9437264800071716
Q9NQC7,Q96HS1,0,0.05248546227812767
Q93009,Q8TES7,0,4.1750976379262283e-05
Q9Y6I4,Q16778,1,0.9901341795921326
Q9BXU7,O95503,0,0.082767054438591
P54578,P62847,0,0.02618340402841568
P62068,Q9BS26,0,0.10062854737043381
P51784,Q9NRC8,0,0.7318572402000427
Q93009,O75083,0,0.37072697281837463
P54252,P28072,0,0.016817037016153336
P40818,Q96QF0,0,0.40433573722839355
O75317,O60346,1,0.548374593257904
P40818,Q96FZ7,0,0.29954034090042114
O94966,Q14258,0,0.3832275867462158
P62068,Q9P0U4,0,0.9592931270599365
Q86T82,O75182,0,0.6662477254867554
Q13107,P49959,0,0.21282866597175598
Q93008,P15144,0,0.8078511357307434
P51784,Q92633,1,0.8455789089202881
Q9Y4E8,Q16656,1,0.9383223056793213
Q9NQC7,Q8NHQ1,1,0.00037601563963107765
Q9UGI0,Q9NVK5,0,0.14846602082252502
Q93009,Q15468,0,0.051432400941848755
Q93009,Q13309,0,0.22515060007572174
Q93008,P04629,0,0.8473731875419617
O75604,P25445,1,0.015481509268283844
Q9H9J4,Q9H6W3,0,0.4875507950782776
Q93009,Q9NS91,1,0.6146402955055237
Q96G74,Q9Y4K3,1,0.9329622387886047
O75604,Q9Y4E8,0,0.18959671258926392
O94782,Q9BUV0,0,0.9836977124214172
Q6GQQ9,P00533,1,0.7924979329109192
P21580,O15111,0,0.7928199768066406
Q9UPT9,O75529,0,0.4177916646003723
Q14694,P43246,1,0.8048486113548279
Q86T82,P46527,1,0.9918578267097473
