DUB,Substrate,label,Ubibrowser2,Ubibrowser2_domain_motif,TransDSI
Q5D1E8,O43474,1,3.71,1.0,0.6633090376853943
Q5D1E8,Q12933,1,17.48,1.0,0.95623379945755
Q5D1E8,Q13546,1,13.356,1.0,0.7330284714698792
Q5D1E8,Q9Y4K3,1,16.74,1.0,0.8857046365737915
P45974,O75444,1,126.44352,10.24,0.9911935925483704
P45974,O95180,1,3.4272,2.52,0.08325881510972977
P45974,P04637,1,2572.49664,193.4208,0.9920262694358826
P45974,Q08050,1,10.3785,10.3785,0.8594149351119995
Q9UPT9,O60341,1,13.764,2.48,0.9015860557556152
Q9UPT9,P01106,1,68.348805,12.3151,0.6819863319396973
Q9UPT9,P09467,1,3.09,1.5,0.12337268143892288
Q9UPT9,P0C0S8,1,30.734077,14.7053,0.9131574630737305
Q9UPT9,P14780,1,38.476185,17.8959,0.8343473076820374
Q9UPT9,P35354,1,2.37,1.0,0.9870674014091492
Q9UPT9,P48431,1,9.513,3.15,0.1610274612903595
Q9UPT9,P54274,1,3.9775,1.85,0.8652377724647522
Q9UPT9,P62807,1,209.13624,45.464400000000005,0.9723336100578308
Q9UPT9,Q13469,1,13.764,2.48,0.9997803568840027
Q9UPT9,Q14469,1,7.678242,3.6738,0.41758155822753906
Q9UPT9,Q96EB6,1,31.888584,7.912800000000001,0.834139883518219
Q96K76,O95863,1,1.71,1.0,0.7214301228523254
Q96K76,P12830,1,7.1424,2.48,0.9693853259086609
Q96K76,P35222,1,104.017245,22.2735,0.8912293314933777
Q96K76,Q9UGP5,1,5.3865,3.15,0.7467771768569946
Q92905,Q9NZQ7,1,3.9597,1.97,0.06698495149612427
Q0WX57,O95760,1,3.5938,2.38,0.02800833061337471
Q0WX57,P51449,1,35.19213,22.2735,0.4483630359172821
Q0WX57,Q92769,1,3.9184,2.48,0.4307916760444641
Q0WX57,Q9H7L9,1,3.034,1.85,0.9766221642494202
Q0WX57,Q9Y256,1,3.315,1.5,0.9999555349349976
Q9P2H5,P21796,1,1.0,1.0,0.9849472045898438
Q9P2H5,Q8NFZ5,1,23.16816,8.5808,0.009895657189190388
Q9Y5T5,P0C0S8,1,49.536648,32.5899,0.7290320992469788
Q9Y5T5,P53350,1,9.198,2.52,0.9142476320266724
Q9Y5T5,Q9H9S0,1,28.42182,13.797,0.4548565447330475
O94966,O60337,1,6.069,2.38,0.5976697206497192
O94966,O75581,1,5.6406,2.38,0.9157711863517761
O94966,Q13114,1,17.6733,6.57,0.7585189342498779
O94966,Q13547,1,90.19197,38.709,0.6543353796005249
O94966,Q14457,1,2.1411,1.17,0.9982936978340149
O94966,Q5XPI4,1,23.484412,11.4002,0.766455352306366
O94966,Q86TM6,1,17.0415,3.15,0.06624236702919006
O94966,Q92769,1,4.9848,2.48,0.5170237421989441
O94966,Q92828,1,11.4002,11.4002,0.14522168040275574
Q70CQ1,P62807,1,49.85064,7.912800000000001,0.9832022786140442
Q70CQ1,Q13451,1,1.5,1.5,0.4107692539691925
Q9Y4E8,O15111,1,9.0228,4.38,0.7769979238510132
Q9Y4E8,O43541,1,4.6,1.0,0.7885432839393616
Q9Y4E8,P21796,1,2.21,1.0,0.9664396047592163
Q9Y4E8,P25054,1,14.9026,5.54,0.15340852737426758
Q9Y4E8,P35222,1,66.852864,14.2848,0.8912599086761475
Q9Y4E8,P36894,1,23.3376,4.29,0.7952607274055481
Q9Y4E8,P36897,1,21.8214,4.49,0.9199092984199524
Q9Y4E8,P42574,1,6.069,2.38,0.8643139004707336
Q9Y4E8,P51449,1,15.6372,3.14,0.8807420134544373
Q9Y4E8,P62807,1,17.723,4.79,0.9828721284866333
Q9Y4E8,P62877,1,5.41,1.0,0.13117972016334534
Q9Y4E8,P84022,1,4.86,1.0,0.7885432839393616
Q9Y4E8,Q00987,1,36.307915,9.7865,0.9668729305267334
Q9Y4E8,Q13127,1,3.6,1.0,0.8490445017814636
Q9Y4E8,Q14145,1,2.33,1.0,0.2030012607574463
Q9Y4E8,Q14258,1,14.9026,5.54,0.2437233328819275
Q9Y4E8,Q14494,1,9.9484,2.38,0.8907719850540161
Q9Y4E8,Q15020,1,9.0228,4.38,0.07907330244779587
Q9Y4E8,Q7Z569,1,6.069,2.38,0.08486033976078033
Q9Y4E8,Q8WWY3,1,4.9028,2.38,0.5946705341339111
Q9Y4E8,Q9HAU4,1,18.177,4.38,0.6973158717155457
Q9UK80,O95760,1,5.6406,2.38,0.02765643037855625
Q9UK80,O95786,1,24.941034,14.5854,0.9923332929611206
Q9UK80,P0C0S8,1,76.773,47.1,0.7156269550323486
Q9UK80,P23771,1,5.6406,2.38,0.4360262453556061
Q9UK80,P36507,1,5.2668,2.52,0.39446187019348145
Q9UK80,P51587,1,5.3865,3.15,0.08484934270381927
Q9UK80,Q13546,1,38.456208,7.912800000000001,0.393515944480896
Q9UK80,Q86WV6,1,20.97144,13.797,0.7864708304405212
Q9UK80,Q9BZS1,1,27.431668,13.1252,0.8644204139709473
Q9UK80,Q9H9S0,1,16.537752,7.912800000000001,0.17727947235107422
P09936,P09936,1,8.5995,1.17,0.010619590058922768
P09936,Q16620,1,6.3,1.0,0.31418725848197937
P09936,Q16665,1,12.775,1.0,0.4277440011501312
P09936,Q92905,1,6.8856,1.0,0.03680456802248955
P09936,Q9NPH5,1,4.7151,1.17,0.9910242557525635
Q8NB14,Q9UHD2,1,3.1126,1.97,0.07268724590539932
O94782,O60346,1,22.205003,14.7053,0.7773569226264954
O94782,P12004,1,4.3105,1.85,0.579081118106842
O94782,P41134,1,18.012316,11.4002,0.9137647747993469
O94782,Q02363,1,4.2705,1.17,0.9232683777809143
O94782,Q02535,1,11.3523,4.79,0.9045917987823486
O94782,Q9BXW9,1,15.04686,1.97,0.0015094818081706762
O94782,Q9NVI1,1,6.069,2.38,0.056702543050050735
P35125,P05412,1,12.3453,3.19,0.7219988107681274
P35125,P14780,1,10.769596,6.8162,0.8437759876251221
Q92995,O75030,1,38.476185,17.8959,0.3552296757698059
Q92995,Q07820,1,8.55855,1.17,0.894530177116394
Q92995,Q14457,1,2.4453,1.17,0.9887397885322571
Q92995,Q86WV6,1,83.52105,38.847,0.7506324648857117
Q92995,Q96RL1,1,4.035,1.5,0.8398154377937317
Q9Y6I4,O95786,1,11.4002,11.4002,0.9973437190055847
Q9Y6I4,P04637,1,82.566172,33.4276,0.9915048480033875
Q9Y6I4,P0C0S8,1,176.311359,32.5899,0.9178638458251953
Q9Y6I4,P16104,1,36.322091,14.7053,0.8862735033035278
Q9Y6I4,P62807,1,39.405744,7.912800000000001,0.9733399748802185
Q9Y6I4,Q96RL1,1,3.1126,1.97,0.8158316612243652
Q9Y6I4,Q9H9S0,1,78.34824,14.1168,0.27250856161117554
P51784,O14920,1,9.9864,6.57,0.39397934079170227
P51784,O15111,1,20.97144,13.797,0.0921688824892044
P51784,O43663,1,4.9742,2.38,0.9937293529510498
P51784,P04637,1,1052.69147648,56.729600000000005,0.8789439797401428
P51784,P16104,1,29.140584,9.6492,0.8145859241485596
P51784,P25963,1,5.4963,1.97,0.6941311359405518
P51784,P29590,1,6.0228,2.52,0.7532173991203308
P51784,P35226,1,101.1428145,7.8741,0.7907242774963379
P51784,P36897,1,48.7792305,6.4350000000000005,0.8008918762207031
P51784,P37173,1,18.40374,6.8162,0.9215486645698547
P51784,P51587,1,4.9742,2.38,0.6632736921310425
P51784,P98170,1,2.04,1.5,0.3081486225128174
P51784,Q01831,1,14.3583,6.27,0.9999587535858154
P51784,Q14135,1,2.04,1.5,0.0016520299250259995
P51784,Q92633,1,16.8492,11.085,0.9209161996841431
P51784,Q96S59,1,169.40826672,18.3736,0.04711249843239784
P21580,O43353,1,430.8206544,45.464400000000005,0.9092007279396057
P21580,P04637,1,22.52301,1.97,0.79889315366745
P21580,P19838,1,79.223412,33.4276,0.7989504337310791
P21580,Q12933,1,285.5475,77.175,0.8172335028648376
P21580,Q13137,1,4.469,1.0,0.1496308445930481
P21580,Q13546,1,33.20031,7.085000000000001,0.4645881950855255
P21580,Q14457,1,2.88,1.0,0.9987478256225586
P21580,Q14790,1,14.22603,1.17,0.4048539996147156
P21580,Q92985,1,11.433,1.0,0.8614076972007751
P21580,Q9Y4K3,1,179.6012988,31.9121,0.5918645262718201
P21580,Q9Y6K9,1,14.4522,2.48,0.6314026117324829
Q86UV5,P08151,1,3.19,3.19,0.958998441696167
Q86UV5,Q12933,1,23.16816,8.5808,0.8236588835716248
Q9BXU7,O43663,1,3.7604,2.38,0.9985929131507874
Q9BXU7,P0C0S8,1,23.234374,14.7053,0.7396005988121033
Q9BXU7,P10275,1,35.396592,19.3424,0.4870493710041046
Q9BXU7,Q00987,1,13.700562,6.8162,0.9683642387390137
Q9UHP3,O95271,1,3.1126,1.97,0.472967267036438
Q9UHP3,P50991,1,10.3994,3.19,0.07846652716398239
Q9UHP3,Q13114,1,13.5342,6.57,0.7376698851585388
Q13107,O15530,1,47.7411,10.3785,0.9130295515060425
Q13107,O75365,1,9.0228,4.38,0.8995507955551147
Q13107,O95786,1,66.630487,17.959699999999998,0.9841008186340332
Q13107,P04637,1,1188.87058932,123.6938,0.9112729430198669
Q13107,P06400,1,198.5493642,19.5866,0.9992942810058594
Q13107,P15884,1,595.26316416,57.4656,0.37158939242362976
Q13107,P19474,1,5.8653,1.0,0.6236708760261536
Q13107,P28749,1,494.88556656,18.3736,0.9922426342964172
Q13107,P35222,1,358.42977954,19.3158,0.9216142892837524
Q13107,P36897,1,53.864748,4.033,0.7992507219314575
Q13107,P49116,1,56.256896,28.9984,0.8799629807472229
Q13107,P51449,1,16.537752,7.912800000000001,0.7834473252296448
Q13107,P62937,1,5.44,1.0,0.07746240496635437
Q13107,Q02556,1,6.8585,3.19,0.9866719841957092
Q13107,Q08999,1,78.749568,11.3472,0.9987975358963013
Q13107,Q12933,1,317.47375968,18.3736,0.9493110775947571
Q13107,Q13107,1,16.42284,3.15,0.03050246648490429
Q13107,Q13546,1,68.673751,14.7053,0.9161726832389832
Q13107,Q15287,1,2.2464,1.17,0.027342109009623528
Q13107,Q15306,1,8.6025,1.85,0.9777318835258484
Q13107,Q9Y4K3,1,35.7408,6.57,0.7485730648040771
P54252,O60260,1,12.7596,1.0,0.04565628245472908
P54252,P04637,1,8.0878,1.0,0.8835731148719788
P54252,P55072,1,7.9709,1.0,0.7036095857620239
P54252,Q07812,1,4.76,1.0,0.8959792256355286
P54252,Q92934,1,5.44,1.0,0.7004058361053467
P54252,Q9UNE7,1,49.77,1.0,0.31783080101013184
Q9UPU5,P04637,1,82.566172,33.4276,0.9519047141075134
Q9UPU5,Q92466,1,10.769596,6.8162,0.3858594596385956
Q5VVQ6,P17661,1,3.1126,1.97,0.005682519171386957
Q5VVQ6,P55072,1,5.8266,1.17,0.9262630939483643
Q5VVQ6,Q96J02,1,35.2928,13.12,0.8886410593986511
P40818,O15554,1,5.4963,1.97,0.08529087901115417
P40818,O60260,1,10.9335,1.97,0.0331929586827755
P40818,O94979,1,4.53,1.5,0.19124415516853333
P40818,P00533,1,168.85562562,16.8751,0.1623174250125885
P40818,P04626,1,166.647456,17.9577,0.40505629777908325
P40818,P04629,1,82.61462,17.959699999999998,0.49259430170059204
P40818,P08581,1,593.025048,41.0256,0.40693536400794983
P40818,P17302,1,35.8344,2.52,0.4970216453075409
P40818,P21860,1,740.9639664,23.2785,0.8204960227012634
P40818,P37088,1,5.9292,2.43,0.6261349320411682
P40818,P42261,1,20.516762,6.8162,0.3975500464439392
P40818,P55085,1,256.0212711,13.797,0.9947360157966614
P40818,P56817,1,8.4915,1.85,0.3007577657699585
P40818,Q16665,1,11.34,3.15,0.7024646997451782
P40818,Q6FHJ7,1,7.0056,2.52,0.9162787199020386
P40818,Q96J02,1,101.639916,7.912800000000001,0.414237916469574
P40818,Q96JA1,1,19.630656,6.8162,0.9075778722763062
P40818,Q99835,1,70.9792,13.12,0.8811463117599487
P40818,Q9H4P4,1,4.74201,1.17,0.9159690737724304
Q9NQC7,O14640,1,47.232,13.12,0.8831058144569397
Q9NQC7,O15105,1,105.11212404,11.4002,0.8472964763641357
Q9NQC7,O43353,1,147.69415108,14.7053,0.8302809000015259
Q9NQC7,O95786,1,98.07706062,11.4002,0.9855988025665283
Q9NQC7,P04629,1,37.498515,14.7053,0.8536134362220764
Q9NQC7,P06239,1,122.236308,10.4155,0.7971916198730469
Q9NQC7,P20749,1,19.5138,1.85,0.7246105670928955
Q9NQC7,P31749,1,41.23317,3.07,0.970373272895813
Q9NQC7,P49116,1,22.835568,4.38,0.7126182317733765
Q9NQC7,P53350,1,10.1556,2.52,0.8260294198989868
Q9NQC7,P78352,1,11.718,3.15,0.8909149765968323
Q9NQC7,Q12933,1,91.5375285,17.8959,0.9281816482543945
Q9NQC7,Q13546,1,120.0874528,12.6728,0.8232293128967285
Q9NQC7,Q14669,1,30.292918,14.7053,0.8696880340576172
Q9NQC7,Q6Q0C0,1,40.43915136,6.8162,0.20112244784832
Q9NQC7,Q8NHQ1,1,11.37045,1.5,0.00012872203660663217
Q9NQC7,Q9NPH5,1,2.21,1.0,0.9595300555229187
Q9NQC7,Q9NZN5,1,5.292,2.52,0.664141058921814
Q9NQC7,Q9Y4K3,1,84.62566,22.8718,0.8577055931091309
Q9NQC7,Q9Y6K9,1,1195.94273664,96.9568,0.9202937483787537
Q9P275,P01106,1,69.921399,29.5027,0.6797568798065186
Q9P275,Q9H6R0,1,7.2329,4.79,0.25254106521606445
P15374,O15315,1,4.5507,1.97,0.2950020730495453
Q96G74,O00463,1,471.82016,35.4752,0.9222443103790283
Q96G74,O14737,1,2.7,1.0,0.005822150502353907
Q96G74,P04637,1,35.03448,1.97,0.9949357509613037
Q96G74,Q12933,1,1142.072862,65.5234,0.9630574584007263
Q96G74,Q13114,1,264.30173858,65.5234,0.9708142876625061
Q96G74,Q9Y4K3,1,564.60096,42.4512,0.9858120679855347
A6NNY8,O43521,1,1.58,1.0,0.05055934935808182
A6NNY8,P62807,1,18.012316,11.4002,0.9825221300125122
A6NNY8,Q14469,1,22.313775,10.3785,0.4030708074569702
Q6R6M4,P16104,1,19.4472,4.38,0.8067243695259094
Q96FW1,O95863,1,1.9071,1.17,0.6860637664794922
Q96FW1,P04637,1,132.49944,11.29,0.9983175992965698
Q96FW1,P10636,1,24.885,10.5,0.14119917154312134
Q96FW1,P27694,1,2.565,1.5,0.004746069200336933
Q96FW1,P61088,1,2.7,1.0,0.48733898997306824
Q96FW1,Q08050,1,3.9597,1.97,0.6260555386543274
Q96FW1,Q13114,1,148.5792,42.4512,0.9381442070007324
Q96FW1,Q13490,1,7.5725,3.25,0.6074792742729187
Q96FW1,Q15796,1,21.55968,1.97,0.9780914187431335
Q96FW1,Q8TB45,1,2.21,1.0,0.9308381080627441
Q96FW1,Q9Y4K3,1,108.758819,26.9873,0.9415832161903381
Q5VV17,O15105,1,1.58,1.0,0.9603609442710876
Q5VV17,P04637,1,3.8218,1.97,0.9946040511131287
Q9Y5K5,P25963,1,2.15,1.0,0.42553427815437317
Q9Y5K5,P35228,1,2.06,1.0,0.2129596620798111
Q9Y5K5,P36897,1,5.55,1.0,0.3313218355178833
Q9Y5K5,Q01094,1,2.15,1.0,0.037217266857624054
Q70EL2,P07992,1,5.4,1.5,0.005578489042818546
P54578,O14641,1,6.0452,2.38,0.29628342390060425
P54578,O14920,1,3.315,1.5,0.439968079328537
P54578,P10275,1,37.689636,15.9028,0.8814446330070496
P54578,P35222,1,161.80362,35.1747,0.8920072913169861
P54578,P61073,1,27.018474,11.4002,0.8713545799255371
P54578,Q14457,1,2.7963,1.17,0.9528068900108337
P54578,Q86WI3,1,27.431668,13.1252,0.1099153459072113
P54578,Q96GD4,1,2.457,1.17,0.13791978359222412
P54578,Q9NYJ8,1,5.292,2.52,0.15340574085712433
P54578,Q9UBS5,1,29.039976,7.912800000000001,0.8350974917411804
O75604,O15151,1,143.753658,6.8162,0.9832465052604675
O75604,O15534,1,5.6406,2.38,0.6961105465888977
O75604,P08253,1,16.537752,7.912800000000001,0.8366768956184387
O75604,P24385,1,18.522,2.52,0.9259620904922485
O75604,P25445,1,9.0228,4.38,0.04117332026362419
O75604,P37088,1,5.4963,1.97,0.742604672908783
O75604,Q00987,1,61.54496712,7.912800000000001,0.9669362306594849
O75604,Q03431,1,3.315,1.5,0.8261123299598694
O75604,Q96EB6,1,239.0176404,17.8959,0.5494145750999451
P12956,Q07820,1,8.388,1.0,0.691741943359375
Q9H9J4,P04637,1,82.566172,33.4276,0.8764008283615112
Q9H9J4,P14780,1,29.349276,17.8959,0.8501638770103455
Q9H9J4,P62807,1,71.833752,45.464400000000005,0.9680339694023132
Q53GS9,Q96GD4,1,6.489,3.15,0.44483181834220886
Q8TEY7,O43303,1,3.5938,2.38,9.87599923973903e-05
Q8TEY7,P07550,1,81.0744,16.28,0.9969605803489685
Q8TEY7,P11234,1,2.55,1.0,0.22489440441131592
Q8TEY7,P49407,1,8.115,1.5,0.7464869022369385
Q8TEY7,Q92813,1,18.522,1.5,0.9695510268211365
Q504Q3,Q9Y294,1,1.85,1.85,0.010198310017585754
O00487,O95863,1,3.9597,1.97,0.8435670733451843
O00487,P04626,1,10.9335,1.97,0.30798202753067017
O00487,Q01860,1,6.489,3.15,0.7341426610946655
Q6GQQ9,P00533,1,102.19794552,11.8792,0.9075426459312439
Q6GQQ9,P43403,1,136.81337868,15.9028,0.22504597902297974
Q6GQQ9,Q13114,1,832.0761612,59.72409999999999,0.7344814538955688
Q6GQQ9,Q13546,1,217.55978244,14.2857,0.2350182980298996
Q6GQQ9,Q9Y4K3,1,218.9215791,18.0049,0.8732771873474121
Q14694,P04637,1,142.826838,38.4978,0.9076834321022034
Q14694,P0C0S5,1,18.40374,6.8162,0.8090986609458923
Q14694,P13569,1,4.2365,1.85,0.9712962508201599
Q14694,P43246,1,15.876,2.52,0.9485998749732971
Q14694,P54646,1,9.198,2.52,0.12593425810337067
Q14694,P60484,1,9.198,2.52,0.981928825378418
Q14694,P62807,1,12.897864,7.912800000000001,0.9825708270072937
Q14694,Q03518,1,3.1126,1.97,0.969843864440918
Q14694,Q14457,1,70.33404,12.6728,0.9514541625976562
Q14694,Q8N6T7,1,13.223428,6.8162,0.5143778920173645
Q14694,Q9UL17,1,2.565,1.5,0.01657702587544918
Q14694,Q9Y4K3,1,108.869768,22.8718,0.7322215437889099
Q14694,Q9Y6K9,1,24.181905,10.3785,0.5109245777130127
Q93008,A5PKW4,1,25.5936,2.48,0.00681902514770627
Q93008,O00327,1,14.805414,3.6738,0.6864199638366699
Q93008,O60285,1,6.94,1.0,0.910520076751709
Q93008,P04637,1,1160.22310524,123.6938,0.9206953048706055
Q93008,P12830,1,8.6025,1.85,0.9991388320922852
Q93008,P23588,1,3.4272,2.52,0.037861745804548264
Q93008,P33981,1,13.986,3.15,0.9051598906517029
Q93008,P35222,1,163.82888928,19.3158,0.9194244742393494
Q93008,P37840,1,4.6,1.0,0.005134305916726589
Q93008,P42345,1,16.6374,1.17,0.025711694732308388
Q93008,P42566,1,22.53286,1.97,0.2190210372209549
Q93008,P46937,1,28.88172,7.912800000000001,0.2718829810619354
Q93008,P48431,1,16.077,6.9,0.3903602361679077
Q93008,P50542,1,30.409005,10.3785,0.037096865475177765
Q93008,Q07820,1,11.3841,1.17,0.9938318729400635
Q93008,Q12809,1,4.2365,1.85,0.12164021283388138
Q93008,Q13485,1,11.480175,1.97,0.8445988297462463
Q93008,Q15051,1,8.778,4.18,0.018152937293052673
Q93008,Q15154,1,9.198,2.52,0.5769150853157043
Q93008,Q15797,1,11.245338,1.17,0.8970414996147156
Q93008,Q53EZ4,1,2.7963,1.17,0.28113192319869995
Q93008,Q86YR5,1,5.292,2.52,0.020145026966929436
Q93008,Q86YT6,1,5.319,1.97,0.5061061382293701
Q93008,Q96J02,1,23.8567,6.8162,0.8822019696235657
Q93008,Q96L34,1,2.457,1.17,0.3952386975288391
Q93008,Q96RU7,1,2.457,1.17,0.9034512639045715
Q93008,Q99683,1,31.74,6.9,0.4275359809398651
Q93008,Q9H992,1,37.82991,6.8162,0.4536222815513611
Q93008,Q9HCE7,1,114.379524,7.912800000000001,0.6987226009368896
Q93008,Q9NRM7,1,5.6736,1.97,0.05575188621878624
Q9H0E7,P0C0S8,1,76.773,47.1,0.9542340040206909
Q9H0E7,Q01860,1,10.4155,10.4155,0.9642078280448914
Q9H0E7,Q12834,1,23.484412,11.4002,0.6951633095741272
Q9H0E7,Q13257,1,2.06,1.0,0.4958055913448334
Q96BN8,Q9Y6K9,1,11.454,3.32,0.870164692401886
Q9Y5E6,P19838,1,1.58,1.0,0.06737297773361206
Q9UMW8,P49116,1,6.6576,4.38,0.7747898101806641
Q9UMW8,P60484,1,18.40374,6.8162,0.9902920126914978
Q9UMW8,Q9Y6K9,1,260.813792,96.9568,0.4503287971019745
Q70EK9,P37275,1,3.7604,2.38,0.798582911491394
Q70EK9,P62807,1,16.61688,7.912800000000001,0.9687296748161316
Q9HBJ7,P04637,1,676.9728,193.4208,0.879030168056488
Q9HBJ7,Q9HAW4,1,10.0408,6.16,0.999962568283081
Q92560,O15294,1,4.08,4.08,0.26407766342163086
Q92560,P0C0S8,1,1.52,1.0,0.7476667165756226
Q92560,P16104,1,7.74,1.0,0.9619974493980408
Q92560,P25490,1,7.315,1.0,0.9970024228096008
Q92560,P38398,1,18.5518,1.85,0.6168650388717651
Q92560,P51610,1,2.4453,1.17,0.6394360661506653
Q92560,Q13887,1,8.3349,2.43,0.7322469353675842
Q92560,Q96CW5,1,1.0,1.0,0.010887688025832176
Q86T82,P01106,1,57.882132,7.912800000000001,0.7810375690460205
Q86T82,P0C0S8,1,22.304544,14.1168,0.9175000190734863
Q86T82,P20248,1,6.489,3.15,0.9523661732673645
Q86T82,P46527,1,3.034,1.85,0.9808674454689026
Q9Y2K6,O75943,1,2.28,1.5,0.24311622977256775
Q9Y2K6,P07550,1,48.432075,10.4155,0.8437204360961914
Q9Y2K6,Q16665,1,8.4735,3.15,0.5055201053619385
Q9Y2K6,Q86WV6,1,23.234374,14.7053,0.9757938385009766
Q9Y2K6,Q92813,1,18.522,1.5,0.926235556602478
Q9Y2K6,Q9HAW4,1,6.3242,3.07,0.8656160235404968
Q9Y2K6,Q9Y4K3,1,81.12636,6.57,0.7942211031913757
Q70CQ3,O94826,1,7.686,3.15,0.21735519170761108
Q70CQ3,O95140,1,23.265,1.5,0.9971383810043335
Q70CQ3,P21796,1,22.3693,4.79,0.9586012959480286
Q70CQ3,Q15388,1,4.26,1.0,0.5485324263572693
Q70CQ3,Q8IWA4,1,8.51,1.85,0.9996263980865479
P46736,O95271,1,4.5507,1.97,0.38207104802131653
P46736,P0C0S8,1,13.482846,3.6738,0.9301510453224182
P46736,P16104,1,194.8224222,23.2785,0.9182507395744324
P46736,Q14980,1,2.457,1.17,0.19658777117729187
Q70EL3,P30291,1,4.284,3.15,0.07408545166254044
Q70EL3,Q9ULZ3,1,2.93,1.0,0.06203222647309303
Q96RU2,O60341,1,7.1424,2.48,0.9639701247215271
Q96RU2,O96017,1,18.522,1.5,0.3669006824493408
Q96RU2,P01106,1,101.08602,7.912800000000001,0.8297617435455322
Q96RU2,P05412,1,24.5196,2.52,0.8538869023323059
Q96RU2,P24864,1,2.79,1.0,0.9884661436080933
Q96RU2,Q12888,1,77.956992,13.14,0.9921286106109619
Q96RU2,Q16665,1,98.07706062,11.4002,0.8645370602607727
Q96RU2,Q969H0,1,38.476185,17.8959,0.13259519636631012
Q96RU2,Q9HAW4,1,18.94224,2.48,0.9983726143836975
Q96DC9,Q13114,1,148.5792,42.4512,0.7624431848526001
Q96DC9,Q9Y4K3,1,237.659136,43.9296,0.7534221410751343
Q93009,O14773,1,8.4735,3.15,0.9049788117408752
Q93009,O14965,1,51.818949,3.6738,0.7684997320175171
Q93009,O15151,1,23.3376,4.29,0.9826048612594604
Q93009,O43524,1,185.899021,18.7682,0.6845985054969788
Q93009,O43663,1,21.68964,3.15,0.9883291721343994
Q93009,O43684,1,19.09644,10.3785,0.3779540956020355
Q93009,O60341,1,103.35654,23.2785,0.9625532031059265
Q93009,P04198,1,178.0614,38.709,0.8190630078315735
Q93009,P04637,1,950.4698112,193.4208,0.8747245669364929
Q93009,P06400,1,179.4600852,17.8959,0.9982414245605469
Q93009,P08151,1,21.8688,4.08,0.714299201965332
Q93009,P12004,1,18.522,1.5,0.9148604273796082
Q93009,P14373,1,269.656569,19.1178,0.21097297966480255
Q93009,P19838,1,68.056002,6.57,0.5070282220840454
Q93009,P26358,1,58.2528,13.12,0.08611174672842026
Q93009,P29590,1,133.7506212,18.3736,0.7407763004302979
Q93009,P35222,1,360.5451528,35.898,0.3918486535549164
Q93009,P35226,1,80.38548,6.51,0.7172025442123413
Q93009,P35568,1,4.9848,2.48,0.9018751978874207
Q93009,P37231,1,60.4808,3.46,0.4573090374469757
Q93009,P51965,1,7.38,1.0,0.5958788394927979
Q93009,P60484,1,9.198,2.52,0.9680633544921875
Q93009,P62807,1,527.444992,96.9568,0.9825370907783508
Q93009,P98177,1,226.4860899,13.671,0.6812441945075989
Q93009,Q00987,1,67.98232,18.3736,0.9826048612594604
Q93009,Q01831,1,10.0566,3.33,0.9912428855895996
Q93009,Q01860,1,80.32959,10.3785,0.7960790395736694
Q93009,Q03468,1,210.1172724,13.797,0.934623122215271
Q93009,Q04206,1,19.600308,2.52,0.6601117849349976
Q93009,Q12778,1,308.808672,17.6664,0.6812441945075989
Q93009,Q12888,1,41.123544,2.38,0.99998939037323
Q93009,Q13127,1,11.8349,3.19,0.7942925691604614
Q93009,Q13546,1,98.1042864,8.5808,0.4382910132408142
Q93009,Q14527,1,24.181905,10.3785,0.38111528754234314
Q93009,Q14669,1,24.8248,6.16,0.39780059456825256
Q93009,Q16526,1,23.50048,2.48,0.9258275628089905
Q93009,Q49AN0,1,6.8635,1.85,0.9258275628089905
Q93009,Q8IXJ9,1,23.184,6.9,0.4346100389957428
Q93009,Q8IYW5,1,41.5473,1.97,0.30608707666397095
Q93009,Q92993,1,8.242065,1.17,0.9923007488250732
Q93009,Q96EP1,1,8.5995,1.17,0.4347522556781769
Q93009,Q96T88,1,10.3994,3.19,0.7381666302680969
Q93009,Q99496,1,198.349056,11.3472,0.6697854995727539
Q93009,Q9BZS1,1,9.39689,4.033,0.6732301712036133
Q93009,Q9H992,1,5.8786,2.38,0.39655256271362305
Q93009,Q9HAW4,1,52.3032,2.48,0.996800422668457
Q93009,Q9NRC8,1,60.130224,17.8959,0.3721787929534912
Q93009,Q9UER7,1,5.884866,1.17,0.997297465801239
Q93009,Q9UPP1,1,12.5496,2.52,0.12447500973939896
Q93009,Q9Y4H2,1,26.4114,13.14,0.9959807395935059
Q93009,Q9Y6K9,1,66.2916309,10.3785,0.514277458190918
O75317,O60346,1,3.15,3.15,0.9095851182937622
O75317,P0C0S8,1,23.234374,14.7053,0.9146620631217957
O75317,P10275,1,203.561984,75.6736,0.46240514516830444
O75317,P62807,1,18.012316,11.4002,0.9830902814865112
Q70CQ2,Q8IYW5,1,2.28,1.5,0.7450756430625916
O95630,P17302,1,8.6025,1.85,0.1376330554485321
O95630,P55085,1,16.50285,1.17,0.06112745776772499
Q5T2D3,P60484,1,1.84,1.0,0.9866710305213928
P62068,O60346,1,3.15,3.15,0.5848699808120728
P62068,P42261,1,53.238934,11.4002,0.9973160624504089
Q5VVJ2,P0C0S8,1,20.234067,10.0667,0.47747209668159485
Q5D1E8,Q9Y297,0,2.37,1.0,0.12547747790813446
Q9UPT9,O75478,0,6.696,2.48,0.022671038284897804
Q9UPT9,P49848,0,5.6406,2.38,0.540110170841217
Q9UPT9,Q12962,0,5.319,1.97,0.06753560900688171
Q9UPT9,Q96GX2,0,2.15,1.0,0.00883670337498188
Q92905,P47710,0,1.36,1.0,0.24490323662757874
Q92905,Q16584,0,16.077,6.9,0.44867143034935
Q92905,Q5VUJ6,0,1.17,1.17,0.5349290370941162
Q92905,P43354,0,6.489,3.15,0.9069921374320984
Q0WX57,P0C7H9,0,16.086675,10.3785,0.27350348234176636
Q9Y5T5,P11182,0,4.9028,2.38,0.09028082340955734
O94966,P19474,0,23.484412,11.4002,0.45619624853134155
O94966,Q6ISU1,0,1.17,1.17,0.9516359567642212
O94966,Q9H2V7,0,6.5395,3.19,0.9205160737037659
Q70CQ1,O75170,0,3.7604,2.38,0.2416612207889557
Q70CQ1,P08709,0,3.9775,1.85,0.7365214824676514
Q70CQ1,Q9H0E7,0,2.48,2.48,0.17616869509220123
Q9Y4E8,O75150,0,4.76,1.0,0.10321524739265442
Q9Y4E8,O76011,0,1.85,1.85,0.04797734320163727
Q9Y4E8,Q14525,0,2.38,2.38,0.05969804525375366
Q9Y4E8,Q14533,0,1.0,1.0,0.006725495681166649
Q9UK80,Q5T5X7,0,2.52,2.52,0.09981890767812729
Q9UK80,Q8IUH3,0,10.769596,6.8162,0.09104107320308685
Q9UK80,Q9BZI7,0,1.85,1.85,0.015103034675121307
Q9UK80,Q9Y2K6,0,3.7604,2.38,0.06413020938634872
Q9UK80,Q9Y5S9,0,4.79,4.79,0.19987478852272034
P09936,P19013,0,1.51,1.0,0.14030224084854126
P09936,P23508,0,3.02,1.0,0.7890079617500305
Q8NB14,A6NHT5,0,11.4002,11.4002,0.32847997546195984
O94782,P19013,0,16.8454,4.18,0.05326566845178604
O94782,P20930,0,3.19,3.19,0.003546997206285596
O94782,P27482,0,2.38,2.38,0.04719504714012146
O94782,Q13835,0,47.1,47.1,0.47936907410621643
P35125,Q14CW9,0,22.03047,2.38,0.014759035781025887
P35125,Q99750,0,1.58,1.0,0.9039413332939148
Q92995,Q9BYV6,0,7.934444,2.38,0.0896487608551979
Q9Y6I4,Q9H496,0,1.0,1.0,0.13484399020671844
P51784,O95931,0,8.4915,1.85,0.05460980162024498
P51784,P37231,0,73.782828,24.4314,0.4581572413444519
P51784,P48059,0,1.0,1.0,0.5720899701118469
P51784,Q9BXW4,0,1.0,1.0,0.5142331719398499
P51784,Q9H0Y0,0,2.01,1.0,0.007748461794108152
P51784,Q9HC52,0,23.1336,2.38,0.01329074241220951
P51784,Q9NR20,0,18.76392,13.797,0.3805907964706421
P51784,Q9NRC8,0,40.981611,17.8959,0.8033372759819031
P51784,Q9Y463,0,16.086675,10.3785,0.05245822295546532
P21580,Q13158,0,61.008696,5.54,0.9223793745040894
Q9UHP3,P19013,0,4.18,4.18,0.005863506346940994
Q9UHP3,Q14315,0,6.3242,3.07,0.001834884169511497
Q9UHP3,Q96DA0,0,1.34,1.0,0.028565388172864914
Q13107,Q15118,0,5.292,2.52,0.029033539816737175
P54252,P29466,0,5.0794,1.0,0.9469820857048035
P54252,Q9BSU1,0,3.379,1.0,0.01874619722366333
Q9UPU5,P49407,0,2.28,1.5,0.9959724545478821
P40818,P78386,0,5.4205,1.85,0.04444389417767525
P40818,Q14493,0,3.5752,1.0,0.06904329359531403
P40818,Q15323,0,5.6736,1.97,0.05913960933685303
P40818,Q96FZ7,0,3.66,1.5,0.5310548543930054
Q9NQC7,O75762,0,5.6406,2.38,0.7847330570220947
Q9NQC7,Q9UM82,0,24.6906,3.19,0.6586459875106812
Q9P275,Q6ZN17,0,2.6398,1.97,0.014824982732534409
Q6R6M4,Q0WX57,0,8.6955,5.61,0.27752795815467834
Q9Y5K5,Q53TQ3,0,1.0,1.0,0.815322756767273
Q70EL2,Q8N5C6,0,3.19,3.19,0.049359917640686035
O75604,P14555,0,3.15,3.15,0.4299105107784271
O75604,P19438,0,84.34077762,14.7053,0.8439821004867554
O75604,P36776,0,6.4464,4.08,0.6591992974281311
P12956,P09086,0,1.659,1.0,0.9997043013572693
Q01804,Q15323,0,1.5,1.5,0.12015080451965332
Q9H9J4,Q9BYN8,0,1.85,1.85,0.027279438450932503
Q9H9J4,Q8N1G4,0,1.5,1.5,0.863745391368866
Q9H9J4,Q9H6W3,0,4.9028,2.38,0.7378293871879578
Q53GS9,O95400,0,2.28,1.5,0.9820995330810547
Q8TEY7,Q13228,0,10.4076,2.52,0.07342802733182907
Q504Q3,P21695,0,1.97,1.97,0.6948623061180115
O00487,Q8NBP7,0,6.489,3.15,0.005733651574701071
O00487,Q96JH8,0,7.2759,3.07,0.6682239174842834
Q6GQQ9,Q8NFZ5,0,21.09,1.0,0.006902958732098341
Q93008,O15169,0,36.112692,2.38,0.9373213648796082
Q9H0E7,Q13428,0,3.9184,2.48,0.9991366267204285
Q9UGI0,Q9NVK5,0,1.58,1.0,0.04085839167237282
Q92560,O60516,0,2.52,2.52,0.17240388691425323
Q92560,P52739,0,1.97,1.97,0.9968529343605042
Q86T82,P02768,0,1.71,1.0,0.028171181678771973
Q9Y2K6,O15049,0,1.85,1.85,0.0517406240105629
Q9Y2K6,Q5T9A4,0,4.9742,2.38,0.06427749246358871
Q70CQ3,Q8N594,0,5.2456,3.32,0.24193711578845978
P46736,O75971,0,18.056346,2.38,0.013315076008439064
Q70EL3,P11717,0,135.352512,14.5854,0.9705623388290405
Q70EL3,Q9NQ29,0,2.38,2.38,0.007117016706615686
Q70EL3,P11310,0,3.2526,1.17,0.12925800681114197
Q93009,O00463,0,17.6733,6.57,0.711955189704895
Q93009,P54253,0,5.771115,1.97,0.4579049348831177
Q93009,Q15170,0,2.37,1.0,0.08972372114658356
Q93009,Q68CJ9,0,9.28998,2.52,0.9037629961967468
Q93009,Q92611,0,19.9424,13.12,0.3223428428173065
Q93009,Q9BZR9,0,4.6,1.0,0.6092386245727539
Q93009,Q9HBZ2,0,90.553254,17.8959,0.5105472803115845
Q93009,Q9Y496,0,5.7288,2.48,0.5591662526130676
O75317,Q53GS9,0,1.0,1.0,0.1688867211341858
O75317,Q8TBZ3,0,11.4002,11.4002,0.32567155361175537
O95630,P11498,0,39.6224,13.12,0.011049534194171429
O95630,Q15796,0,11.8575,4.65,0.9516270756721497
P62068,Q9BS26,0,2.8675,1.85,0.22398480772972107
P62068,Q9P0U4,0,9.9864,6.57,0.980941653251648
Q5VVJ2,Q9BQA1,0,6.4464,4.08,0.7133429050445557
